[12-Sep-2026 01:36:29 UTC] Error DB: SQLSTATE[HY000] [2002] php_network_getaddresses: getaddrinfo for db failed: Try again
[12-Sep-2026 01:37:19 UTC] Error DB: SQLSTATE[HY000] [2002] php_network_getaddresses: getaddrinfo for db failed: Try again
[12-Sep-2026 01:37:49 UTC] Error DB: SQLSTATE[HY000] [2002] php_network_getaddresses: getaddrinfo for db failed: Try again
[12-Sep-2026 01:41:14 UTC] Error DB: SQLSTATE[HY000] [2002] Connection refused
[12-Sep-2026 01:41:17 UTC] Error DB: SQLSTATE[HY000] [2002] Connection refused
[12-Sep-2026 01:41:51 UTC] Error DB: SQLSTATE[HY000] [2002] Connection refused
[12-Sep-2026 02:15:19 UTC] PHP Fatal error:  Uncaught PDOException: SQLSTATE[42S22]: Column not found: 1054 Unknown column 'customer_name' in 'SELECT' in /var/www/html/app/Controllers/StatsController.php:28
Stack trace:
#0 /var/www/html/app/Controllers/StatsController.php(28): PDO->query('SELECT id, cust...')
#1 /var/www/html/public/admin.php(6): App\Controllers\StatsController::getDashboardStats()
#2 {main}
  thrown in /var/www/html/app/Controllers/StatsController.php on line 28
[12-Sep-2026 02:15:21 UTC] PHP Fatal error:  Uncaught PDOException: SQLSTATE[42S22]: Column not found: 1054 Unknown column 'customer_name' in 'SELECT' in /var/www/html/app/Controllers/StatsController.php:28
Stack trace:
#0 /var/www/html/app/Controllers/StatsController.php(28): PDO->query('SELECT id, cust...')
#1 /var/www/html/public/admin.php(6): App\Controllers\StatsController::getDashboardStats()
#2 {main}
  thrown in /var/www/html/app/Controllers/StatsController.php on line 28
[12-Sep-2026 02:15:21 UTC] PHP Fatal error:  Uncaught PDOException: SQLSTATE[42S22]: Column not found: 1054 Unknown column 'customer_name' in 'SELECT' in /var/www/html/app/Controllers/StatsController.php:28
Stack trace:
#0 /var/www/html/app/Controllers/StatsController.php(28): PDO->query('SELECT id, cust...')
#1 /var/www/html/public/admin.php(6): App\Controllers\StatsController::getDashboardStats()
#2 {main}
  thrown in /var/www/html/app/Controllers/StatsController.php on line 28
[12-Sep-2026 02:15:25 UTC] PHP Fatal error:  Uncaught PDOException: SQLSTATE[42S22]: Column not found: 1054 Unknown column 'customer_name' in 'SELECT' in /var/www/html/app/Controllers/StatsController.php:28
Stack trace:
#0 /var/www/html/app/Controllers/StatsController.php(28): PDO->query('SELECT id, cust...')
#1 /var/www/html/public/admin.php(6): App\Controllers\StatsController::getDashboardStats()
#2 {main}
  thrown in /var/www/html/app/Controllers/StatsController.php on line 28
[12-Sep-2026 02:15:45 UTC] PHP Fatal error:  Uncaught PDOException: SQLSTATE[42S22]: Column not found: 1054 Unknown column 'customer_name' in 'SELECT' in /var/www/html/app/Controllers/StatsController.php:28
Stack trace:
#0 /var/www/html/app/Controllers/StatsController.php(28): PDO->query('SELECT id, cust...')
#1 /var/www/html/public/admin.php(6): App\Controllers\StatsController::getDashboardStats()
#2 {main}
  thrown in /var/www/html/app/Controllers/StatsController.php on line 28
[12-Sep-2026 04:44:02 UTC] Error DB: SQLSTATE[HY000] [2002] Connection refused
[12-Sep-2026 04:44:05 UTC] Error DB: SQLSTATE[HY000] [2002] Connection refused
[12-Sep-2026 04:44:06 UTC] Error DB: SQLSTATE[HY000] [2002] Connection refused
[12-Sep-2026 04:44:06 UTC] Error DB: SQLSTATE[HY000] [2002] Connection refused
[12-Sep-2026 04:44:07 UTC] Error DB: SQLSTATE[HY000] [2002] Connection refused
[12-Sep-2026 04:44:07 UTC] Error DB: SQLSTATE[HY000] [2002] Connection refused
[12-Sep-2026 04:44:16 UTC] Error DB: SQLSTATE[HY000] [2002] Connection refused
[12-Sep-2026 04:44:21 UTC] Error DB: SQLSTATE[HY000] [2002] Connection refused
[12-Sep-2026 04:44:24 UTC] Error DB: SQLSTATE[HY000] [2002] Connection refused
[12-Sep-2026 04:49:13 UTC] Error DB: SQLSTATE[HY000] [2002] Connection refused
[12-Sep-2026 04:49:14 UTC] Error DB: SQLSTATE[HY000] [2002] Connection refused
[12-Sep-2026 04:49:15 UTC] Error DB: SQLSTATE[HY000] [2002] Connection refused
[12-Sep-2026 04:49:15 UTC] Error DB: SQLSTATE[HY000] [2002] Connection refused
[12-Sep-2026 04:49:17 UTC] Error DB: SQLSTATE[HY000] [2002] Connection refused
[12-Sep-2026 04:49:17 UTC] Error DB: SQLSTATE[HY000] [2002] Connection refused
[12-Sep-2026 04:49:18 UTC] Error DB: SQLSTATE[HY000] [2002] Connection refused
[12-Sep-2026 04:49:19 UTC] Error DB: SQLSTATE[HY000] [2002] Connection refused
[12-Sep-2026 20:37:58 UTC] Error DB: SQLSTATE[HY000] [2002] Connection refused
[12-Sep-2026 20:37:59 UTC] Error DB: SQLSTATE[HY000] [2002] Connection refused
[12-Sep-2026 20:38:01 UTC] Error DB: SQLSTATE[HY000] [2002] Connection refused
[12-Sep-2026 20:38:25 UTC] Error DB: SQLSTATE[HY000] [2002] Connection refused
[12-Sep-2026 20:38:26 UTC] Error DB: SQLSTATE[HY000] [2002] Connection refused
[12-Sep-2026 20:38:26 UTC] Error DB: SQLSTATE[HY000] [2002] Connection refused
[12-Sep-2026 20:38:26 UTC] Error DB: SQLSTATE[HY000] [2002] Connection refused
[12-Sep-2026 20:38:26 UTC] Error DB: SQLSTATE[HY000] [2002] Connection refused
[12-Sep-2026 20:38:27 UTC] Error DB: SQLSTATE[HY000] [2002] Connection refused
[12-Sep-2026 20:38:27 UTC] Error DB: SQLSTATE[HY000] [2002] Connection refused
[12-Sep-2026 20:38:27 UTC] Error DB: SQLSTATE[HY000] [2002] Connection refused
[12-Sep-2026 20:38:35 UTC] Error DB: SQLSTATE[HY000] [2002] Connection refused
[12-Sep-2026 20:38:35 UTC] Error DB: SQLSTATE[HY000] [2002] Connection refused
[12-Sep-2026 20:38:36 UTC] Error DB: SQLSTATE[HY000] [2002] Connection refused
[12-Sep-2026 20:38:36 UTC] Error DB: SQLSTATE[HY000] [2002] Connection refused
[12-Sep-2026 20:38:36 UTC] Error DB: SQLSTATE[HY000] [2002] Connection refused
[12-Sep-2026 21:31:35 UTC] PHP Warning:  Undefined variable $db in /var/www/html/public/admin.php on line 189
[12-Sep-2026 21:31:35 UTC] PHP Fatal error:  Uncaught Error: Call to a member function query() on null in /var/www/html/public/admin.php:189
Stack trace:
#0 {main}
  thrown in /var/www/html/public/admin.php on line 189
[12-Sep-2026 21:40:51 UTC] PHP Warning:  Undefined variable $db in /var/www/html/public/admin.php on line 197
[12-Sep-2026 21:40:51 UTC] PHP Fatal error:  Uncaught Error: Call to a member function query() on null in /var/www/html/public/admin.php:197
Stack trace:
#0 {main}
  thrown in /var/www/html/public/admin.php on line 197
[12-Sep-2026 21:52:05 UTC] PHP Warning:  Undefined variable $db in /var/www/html/public/admin.php on line 197
[12-Sep-2026 21:52:05 UTC] PHP Fatal error:  Uncaught Error: Call to a member function query() on null in /var/www/html/public/admin.php:197
Stack trace:
#0 {main}
  thrown in /var/www/html/public/admin.php on line 197
[12-Sep-2026 21:52:21 UTC] PHP Warning:  Undefined variable $db in /var/www/html/public/admin.php on line 197
[12-Sep-2026 21:52:21 UTC] PHP Fatal error:  Uncaught Error: Call to a member function query() on null in /var/www/html/public/admin.php:197
Stack trace:
#0 {main}
  thrown in /var/www/html/public/admin.php on line 197
[12-Sep-2026 21:52:21 UTC] PHP Warning:  Undefined variable $db in /var/www/html/public/admin.php on line 197
[12-Sep-2026 21:52:21 UTC] PHP Fatal error:  Uncaught Error: Call to a member function query() on null in /var/www/html/public/admin.php:197
Stack trace:
#0 {main}
  thrown in /var/www/html/public/admin.php on line 197
[12-Sep-2026 21:52:21 UTC] PHP Warning:  Undefined variable $db in /var/www/html/public/admin.php on line 197
[12-Sep-2026 21:52:21 UTC] PHP Fatal error:  Uncaught Error: Call to a member function query() on null in /var/www/html/public/admin.php:197
Stack trace:
#0 {main}
  thrown in /var/www/html/public/admin.php on line 197
[12-Sep-2026 22:02:34 UTC] PHP Warning:  Undefined variable $db in /var/www/html/public/admin.php on line 197
[12-Sep-2026 22:02:34 UTC] PHP Fatal error:  Uncaught Error: Call to a member function query() on null in /var/www/html/public/admin.php:197
Stack trace:
#0 {main}
  thrown in /var/www/html/public/admin.php on line 197
[12-Sep-2026 22:10:17 UTC] PHP Warning:  Undefined variable $db in /var/www/html/public/admin.php on line 197
[12-Sep-2026 22:10:17 UTC] PHP Fatal error:  Uncaught Error: Call to a member function query() on null in /var/www/html/public/admin.php:197
Stack trace:
#0 {main}
  thrown in /var/www/html/public/admin.php on line 197
[12-Sep-2026 22:20:40 UTC] PHP Warning:  Undefined variable $db in /var/www/html/public/admin.php on line 257
[12-Sep-2026 22:20:40 UTC] PHP Fatal error:  Uncaught Error: Call to a member function query() on null in /var/www/html/public/admin.php:257
Stack trace:
#0 {main}
  thrown in /var/www/html/public/admin.php on line 257
[12-Sep-2026 22:20:47 UTC] PHP Warning:  Undefined variable $db in /var/www/html/public/admin.php on line 257
[12-Sep-2026 22:20:47 UTC] PHP Fatal error:  Uncaught Error: Call to a member function query() on null in /var/www/html/public/admin.php:257
Stack trace:
#0 {main}
  thrown in /var/www/html/public/admin.php on line 257
[12-Sep-2026 22:27:58 UTC] PHP Warning:  Undefined variable $db in /var/www/html/public/admin.php on line 257
[12-Sep-2026 22:27:58 UTC] PHP Fatal error:  Uncaught Error: Call to a member function query() on null in /var/www/html/public/admin.php:257
Stack trace:
#0 {main}
  thrown in /var/www/html/public/admin.php on line 257
[12-Sep-2026 22:29:02 UTC] PHP Warning:  Undefined variable $db in /var/www/html/public/admin.php on line 257
[12-Sep-2026 22:29:02 UTC] PHP Fatal error:  Uncaught Error: Call to a member function query() on null in /var/www/html/public/admin.php:257
Stack trace:
#0 {main}
  thrown in /var/www/html/public/admin.php on line 257
[12-Sep-2026 22:29:08 UTC] PHP Warning:  Undefined variable $db in /var/www/html/public/admin.php on line 257
[12-Sep-2026 22:29:08 UTC] PHP Fatal error:  Uncaught Error: Call to a member function query() on null in /var/www/html/public/admin.php:257
Stack trace:
#0 {main}
  thrown in /var/www/html/public/admin.php on line 257
[12-Sep-2026 22:31:32 UTC] PHP Warning:  Undefined variable $db in /var/www/html/public/admin.php on line 257
[12-Sep-2026 22:31:32 UTC] PHP Fatal error:  Uncaught Error: Call to a member function query() on null in /var/www/html/public/admin.php:257
Stack trace:
#0 {main}
  thrown in /var/www/html/public/admin.php on line 257
[13-Sep-2026 00:16:01 UTC] PHP Warning:  Cannot modify header information - headers already sent by (output started at /var/www/html/public/index.php:1) in /var/www/html/app/Security/Headers.php on line 6
[13-Sep-2026 00:16:01 UTC] PHP Warning:  Cannot modify header information - headers already sent by (output started at /var/www/html/public/index.php:1) in /var/www/html/app/Security/Headers.php on line 7
[13-Sep-2026 00:16:01 UTC] PHP Warning:  Cannot modify header information - headers already sent by (output started at /var/www/html/public/index.php:1) in /var/www/html/app/Security/Headers.php on line 8
[13-Sep-2026 00:16:01 UTC] PHP Warning:  Cannot modify header information - headers already sent by (output started at /var/www/html/public/index.php:1) in /var/www/html/app/Security/Headers.php on line 9
[13-Sep-2026 00:16:01 UTC] PHP Warning:  Cannot modify header information - headers already sent by (output started at /var/www/html/public/index.php:1) in /var/www/html/app/Security/Headers.php on line 11
[13-Sep-2026 00:16:01 UTC] PHP Warning:  session_start(): Session cannot be started after headers have already been sent in /var/www/html/app/bootstrap.php on line 29
[13-Sep-2026 00:16:19 UTC] PHP Warning:  Cannot modify header information - headers already sent by (output started at /var/www/html/public/index.php:1) in /var/www/html/app/Security/Headers.php on line 6
[13-Sep-2026 00:16:19 UTC] PHP Warning:  Cannot modify header information - headers already sent by (output started at /var/www/html/public/index.php:1) in /var/www/html/app/Security/Headers.php on line 7
[13-Sep-2026 00:16:19 UTC] PHP Warning:  Cannot modify header information - headers already sent by (output started at /var/www/html/public/index.php:1) in /var/www/html/app/Security/Headers.php on line 8
[13-Sep-2026 00:16:19 UTC] PHP Warning:  Cannot modify header information - headers already sent by (output started at /var/www/html/public/index.php:1) in /var/www/html/app/Security/Headers.php on line 9
[13-Sep-2026 00:16:19 UTC] PHP Warning:  Cannot modify header information - headers already sent by (output started at /var/www/html/public/index.php:1) in /var/www/html/app/Security/Headers.php on line 11
[13-Sep-2026 00:16:19 UTC] PHP Warning:  session_start(): Session cannot be started after headers have already been sent in /var/www/html/app/bootstrap.php on line 29
[13-Sep-2026 00:16:34 UTC] PHP Warning:  Cannot modify header information - headers already sent by (output started at /var/www/html/public/index.php:1) in /var/www/html/app/Security/Headers.php on line 6
[13-Sep-2026 00:16:34 UTC] PHP Warning:  Cannot modify header information - headers already sent by (output started at /var/www/html/public/index.php:1) in /var/www/html/app/Security/Headers.php on line 7
[13-Sep-2026 00:16:34 UTC] PHP Warning:  Cannot modify header information - headers already sent by (output started at /var/www/html/public/index.php:1) in /var/www/html/app/Security/Headers.php on line 8
[13-Sep-2026 00:16:34 UTC] PHP Warning:  Cannot modify header information - headers already sent by (output started at /var/www/html/public/index.php:1) in /var/www/html/app/Security/Headers.php on line 9
[13-Sep-2026 00:16:34 UTC] PHP Warning:  Cannot modify header information - headers already sent by (output started at /var/www/html/public/index.php:1) in /var/www/html/app/Security/Headers.php on line 11
[13-Sep-2026 00:16:34 UTC] PHP Warning:  session_start(): Session cannot be started after headers have already been sent in /var/www/html/app/bootstrap.php on line 29
[13-Sep-2026 01:12:00 UTC] PHP Warning:  require_once(/var/www/html/public/app/bootstrap.php): Failed to open stream: No such file or directory in /var/www/html/public/update_db.php on line 2
[13-Sep-2026 01:12:00 UTC] PHP Fatal error:  Uncaught Error: Failed opening required '/var/www/html/public/app/bootstrap.php' (include_path='.:/usr/local/lib/php') in /var/www/html/public/update_db.php:2
Stack trace:
#0 {main}
  thrown in /var/www/html/public/update_db.php on line 2
[13-Sep-2026 01:17:53 UTC] PHP Warning:  Cannot modify header information - headers already sent by (output started at /var/www/html/public/index.php:1) in /var/www/html/app/Security/Headers.php on line 6
[13-Sep-2026 01:17:53 UTC] PHP Warning:  Cannot modify header information - headers already sent by (output started at /var/www/html/public/index.php:1) in /var/www/html/app/Security/Headers.php on line 7
[13-Sep-2026 01:17:53 UTC] PHP Warning:  Cannot modify header information - headers already sent by (output started at /var/www/html/public/index.php:1) in /var/www/html/app/Security/Headers.php on line 8
[13-Sep-2026 01:17:53 UTC] PHP Warning:  Cannot modify header information - headers already sent by (output started at /var/www/html/public/index.php:1) in /var/www/html/app/Security/Headers.php on line 9
[13-Sep-2026 01:17:53 UTC] PHP Warning:  Cannot modify header information - headers already sent by (output started at /var/www/html/public/index.php:1) in /var/www/html/app/Security/Headers.php on line 11
[13-Sep-2026 01:17:53 UTC] PHP Warning:  session_start(): Session cannot be started after headers have already been sent in /var/www/html/app/bootstrap.php on line 29
[13-Sep-2026 01:18:02 UTC] PHP Warning:  Cannot modify header information - headers already sent by (output started at /var/www/html/public/index.php:1) in /var/www/html/app/Security/Headers.php on line 6
[13-Sep-2026 01:18:02 UTC] PHP Warning:  Cannot modify header information - headers already sent by (output started at /var/www/html/public/index.php:1) in /var/www/html/app/Security/Headers.php on line 7
[13-Sep-2026 01:18:02 UTC] PHP Warning:  Cannot modify header information - headers already sent by (output started at /var/www/html/public/index.php:1) in /var/www/html/app/Security/Headers.php on line 8
[13-Sep-2026 01:18:02 UTC] PHP Warning:  Cannot modify header information - headers already sent by (output started at /var/www/html/public/index.php:1) in /var/www/html/app/Security/Headers.php on line 9
[13-Sep-2026 01:18:02 UTC] PHP Warning:  Cannot modify header information - headers already sent by (output started at /var/www/html/public/index.php:1) in /var/www/html/app/Security/Headers.php on line 11
[13-Sep-2026 01:18:02 UTC] PHP Warning:  session_start(): Session cannot be started after headers have already been sent in /var/www/html/app/bootstrap.php on line 29
[13-Sep-2026 01:18:31 UTC] PHP Warning:  Cannot modify header information - headers already sent by (output started at /var/www/html/public/index.php:1) in /var/www/html/app/Security/Headers.php on line 6
[13-Sep-2026 01:18:31 UTC] PHP Warning:  Cannot modify header information - headers already sent by (output started at /var/www/html/public/index.php:1) in /var/www/html/app/Security/Headers.php on line 7
[13-Sep-2026 01:18:31 UTC] PHP Warning:  Cannot modify header information - headers already sent by (output started at /var/www/html/public/index.php:1) in /var/www/html/app/Security/Headers.php on line 8
[13-Sep-2026 01:18:31 UTC] PHP Warning:  Cannot modify header information - headers already sent by (output started at /var/www/html/public/index.php:1) in /var/www/html/app/Security/Headers.php on line 9
[13-Sep-2026 01:18:31 UTC] PHP Warning:  Cannot modify header information - headers already sent by (output started at /var/www/html/public/index.php:1) in /var/www/html/app/Security/Headers.php on line 11
[13-Sep-2026 01:18:31 UTC] PHP Warning:  session_start(): Session cannot be started after headers have already been sent in /var/www/html/app/bootstrap.php on line 29
[13-Sep-2026 01:21:15 UTC] PHP Warning:  Cannot modify header information - headers already sent by (output started at /var/www/html/public/index.php:1) in /var/www/html/app/Security/Headers.php on line 6
[13-Sep-2026 01:21:15 UTC] PHP Warning:  Cannot modify header information - headers already sent by (output started at /var/www/html/public/index.php:1) in /var/www/html/app/Security/Headers.php on line 7
[13-Sep-2026 01:21:15 UTC] PHP Warning:  Cannot modify header information - headers already sent by (output started at /var/www/html/public/index.php:1) in /var/www/html/app/Security/Headers.php on line 8
[13-Sep-2026 01:21:15 UTC] PHP Warning:  Cannot modify header information - headers already sent by (output started at /var/www/html/public/index.php:1) in /var/www/html/app/Security/Headers.php on line 9
[13-Sep-2026 01:21:15 UTC] PHP Warning:  Cannot modify header information - headers already sent by (output started at /var/www/html/public/index.php:1) in /var/www/html/app/Security/Headers.php on line 11
[13-Sep-2026 01:21:15 UTC] PHP Warning:  session_start(): Session cannot be started after headers have already been sent in /var/www/html/app/bootstrap.php on line 29
[13-Sep-2026 01:21:38 UTC] PHP Warning:  Cannot modify header information - headers already sent by (output started at /var/www/html/public/index.php:1) in /var/www/html/app/Security/Headers.php on line 6
[13-Sep-2026 01:21:38 UTC] PHP Warning:  Cannot modify header information - headers already sent by (output started at /var/www/html/public/index.php:1) in /var/www/html/app/Security/Headers.php on line 7
[13-Sep-2026 01:21:38 UTC] PHP Warning:  Cannot modify header information - headers already sent by (output started at /var/www/html/public/index.php:1) in /var/www/html/app/Security/Headers.php on line 8
[13-Sep-2026 01:21:38 UTC] PHP Warning:  Cannot modify header information - headers already sent by (output started at /var/www/html/public/index.php:1) in /var/www/html/app/Security/Headers.php on line 9
[13-Sep-2026 01:21:38 UTC] PHP Warning:  Cannot modify header information - headers already sent by (output started at /var/www/html/public/index.php:1) in /var/www/html/app/Security/Headers.php on line 11
[13-Sep-2026 01:21:38 UTC] PHP Warning:  session_start(): Session cannot be started after headers have already been sent in /var/www/html/app/bootstrap.php on line 29
[13-Sep-2026 01:24:19 UTC] PHP Parse error:  syntax error, unexpected token "\", expecting end of file in /var/www/html/public/fix_encoding.php on line 1
[13-Sep-2026 01:24:35 UTC] PHP Parse error:  syntax error, unexpected token "\", expecting end of file in /var/www/html/public/fix_encoding.php on line 1
[13-Sep-2026 01:27:42 UTC] PHP Parse error:  syntax error, unexpected token "\", expecting end of file in /var/www/html/public/remove_bom.php on line 1
[13-Sep-2026 02:03:50 UTC] PHP Warning:  Cannot modify header information - headers already sent by (output started at /var/www/html/public/index.php:1) in /var/www/html/app/Security/Headers.php on line 6
[13-Sep-2026 02:03:50 UTC] PHP Warning:  Cannot modify header information - headers already sent by (output started at /var/www/html/public/index.php:1) in /var/www/html/app/Security/Headers.php on line 7
[13-Sep-2026 02:03:50 UTC] PHP Warning:  Cannot modify header information - headers already sent by (output started at /var/www/html/public/index.php:1) in /var/www/html/app/Security/Headers.php on line 8
[13-Sep-2026 02:03:50 UTC] PHP Warning:  Cannot modify header information - headers already sent by (output started at /var/www/html/public/index.php:1) in /var/www/html/app/Security/Headers.php on line 9
[13-Sep-2026 02:03:50 UTC] PHP Warning:  Cannot modify header information - headers already sent by (output started at /var/www/html/public/index.php:1) in /var/www/html/app/Security/Headers.php on line 11
[13-Sep-2026 02:03:50 UTC] PHP Warning:  session_start(): Session cannot be started after headers have already been sent in /var/www/html/app/bootstrap.php on line 29
[13-Sep-2026 02:04:44 UTC] PHP Warning:  Cannot modify header information - headers already sent by (output started at /var/www/html/public/index.php:1) in /var/www/html/app/Security/Headers.php on line 6
[13-Sep-2026 02:04:44 UTC] PHP Warning:  Cannot modify header information - headers already sent by (output started at /var/www/html/public/index.php:1) in /var/www/html/app/Security/Headers.php on line 7
[13-Sep-2026 02:04:44 UTC] PHP Warning:  Cannot modify header information - headers already sent by (output started at /var/www/html/public/index.php:1) in /var/www/html/app/Security/Headers.php on line 8
[13-Sep-2026 02:04:44 UTC] PHP Warning:  Cannot modify header information - headers already sent by (output started at /var/www/html/public/index.php:1) in /var/www/html/app/Security/Headers.php on line 9
[13-Sep-2026 02:04:44 UTC] PHP Warning:  Cannot modify header information - headers already sent by (output started at /var/www/html/public/index.php:1) in /var/www/html/app/Security/Headers.php on line 11
[13-Sep-2026 02:04:44 UTC] PHP Warning:  session_start(): Session cannot be started after headers have already been sent in /var/www/html/app/bootstrap.php on line 29
[13-Sep-2026 02:04:53 UTC] PHP Warning:  Cannot modify header information - headers already sent by (output started at /var/www/html/public/index.php:1) in /var/www/html/app/Security/Headers.php on line 6
[13-Sep-2026 02:04:53 UTC] PHP Warning:  Cannot modify header information - headers already sent by (output started at /var/www/html/public/index.php:1) in /var/www/html/app/Security/Headers.php on line 7
[13-Sep-2026 02:04:53 UTC] PHP Warning:  Cannot modify header information - headers already sent by (output started at /var/www/html/public/index.php:1) in /var/www/html/app/Security/Headers.php on line 8
[13-Sep-2026 02:04:53 UTC] PHP Warning:  Cannot modify header information - headers already sent by (output started at /var/www/html/public/index.php:1) in /var/www/html/app/Security/Headers.php on line 9
[13-Sep-2026 02:04:53 UTC] PHP Warning:  Cannot modify header information - headers already sent by (output started at /var/www/html/public/index.php:1) in /var/www/html/app/Security/Headers.php on line 11
[13-Sep-2026 02:04:53 UTC] PHP Warning:  session_start(): Session cannot be started after headers have already been sent in /var/www/html/app/bootstrap.php on line 29
[13-Sep-2026 02:04:53 UTC] PHP Warning:  Cannot modify header information - headers already sent by (output started at /var/www/html/public/index.php:1) in /var/www/html/app/Security/Headers.php on line 6
[13-Sep-2026 02:04:53 UTC] PHP Warning:  Cannot modify header information - headers already sent by (output started at /var/www/html/public/index.php:1) in /var/www/html/app/Security/Headers.php on line 7
[13-Sep-2026 02:04:53 UTC] PHP Warning:  Cannot modify header information - headers already sent by (output started at /var/www/html/public/index.php:1) in /var/www/html/app/Security/Headers.php on line 8
[13-Sep-2026 02:04:53 UTC] PHP Warning:  Cannot modify header information - headers already sent by (output started at /var/www/html/public/index.php:1) in /var/www/html/app/Security/Headers.php on line 9
[13-Sep-2026 02:04:53 UTC] PHP Warning:  Cannot modify header information - headers already sent by (output started at /var/www/html/public/index.php:1) in /var/www/html/app/Security/Headers.php on line 11
[13-Sep-2026 02:04:53 UTC] PHP Warning:  session_start(): Session cannot be started after headers have already been sent in /var/www/html/app/bootstrap.php on line 29
[13-Sep-2026 02:04:53 UTC] PHP Warning:  Cannot modify header information - headers already sent by (output started at /var/www/html/public/index.php:1) in /var/www/html/app/Security/Headers.php on line 6
[13-Sep-2026 02:04:53 UTC] PHP Warning:  Cannot modify header information - headers already sent by (output started at /var/www/html/public/index.php:1) in /var/www/html/app/Security/Headers.php on line 7
[13-Sep-2026 02:04:53 UTC] PHP Warning:  Cannot modify header information - headers already sent by (output started at /var/www/html/public/index.php:1) in /var/www/html/app/Security/Headers.php on line 8
[13-Sep-2026 02:04:53 UTC] PHP Warning:  Cannot modify header information - headers already sent by (output started at /var/www/html/public/index.php:1) in /var/www/html/app/Security/Headers.php on line 9
[13-Sep-2026 02:04:53 UTC] PHP Warning:  Cannot modify header information - headers already sent by (output started at /var/www/html/public/index.php:1) in /var/www/html/app/Security/Headers.php on line 11
[13-Sep-2026 02:04:53 UTC] PHP Warning:  session_start(): Session cannot be started after headers have already been sent in /var/www/html/app/bootstrap.php on line 29
[13-Sep-2026 02:05:06 UTC] PHP Warning:  Cannot modify header information - headers already sent by (output started at /var/www/html/public/index.php:1) in /var/www/html/app/Security/Headers.php on line 6
[13-Sep-2026 02:05:06 UTC] PHP Warning:  Cannot modify header information - headers already sent by (output started at /var/www/html/public/index.php:1) in /var/www/html/app/Security/Headers.php on line 7
[13-Sep-2026 02:05:06 UTC] PHP Warning:  Cannot modify header information - headers already sent by (output started at /var/www/html/public/index.php:1) in /var/www/html/app/Security/Headers.php on line 8
[13-Sep-2026 02:05:06 UTC] PHP Warning:  Cannot modify header information - headers already sent by (output started at /var/www/html/public/index.php:1) in /var/www/html/app/Security/Headers.php on line 9
[13-Sep-2026 02:05:06 UTC] PHP Warning:  Cannot modify header information - headers already sent by (output started at /var/www/html/public/index.php:1) in /var/www/html/app/Security/Headers.php on line 11
[13-Sep-2026 02:05:06 UTC] PHP Warning:  session_start(): Session cannot be started after headers have already been sent in /var/www/html/app/bootstrap.php on line 29
[13-Sep-2026 02:05:25 UTC] PHP Warning:  Cannot modify header information - headers already sent by (output started at /var/www/html/public/index.php:1) in /var/www/html/app/Security/Headers.php on line 6
[13-Sep-2026 02:05:25 UTC] PHP Warning:  Cannot modify header information - headers already sent by (output started at /var/www/html/public/index.php:1) in /var/www/html/app/Security/Headers.php on line 7
[13-Sep-2026 02:05:25 UTC] PHP Warning:  Cannot modify header information - headers already sent by (output started at /var/www/html/public/index.php:1) in /var/www/html/app/Security/Headers.php on line 8
[13-Sep-2026 02:05:25 UTC] PHP Warning:  Cannot modify header information - headers already sent by (output started at /var/www/html/public/index.php:1) in /var/www/html/app/Security/Headers.php on line 9
[13-Sep-2026 02:05:25 UTC] PHP Warning:  Cannot modify header information - headers already sent by (output started at /var/www/html/public/index.php:1) in /var/www/html/app/Security/Headers.php on line 11
[13-Sep-2026 02:05:25 UTC] PHP Warning:  session_start(): Session cannot be started after headers have already been sent in /var/www/html/app/bootstrap.php on line 29
[13-Sep-2026 02:07:27 UTC] PHP Parse error:  syntax error, unexpected token "\", expecting end of file in /var/www/html/public/strip_bom.php on line 1
[13-Sep-2026 02:11:10 UTC] PHP Warning:  Undefined array key "featured" in /var/www/html/app/Controllers/ApiController.php on line 89
[13-Sep-2026 02:19:00 UTC] PHP Fatal error:  Uncaught Error: Class "App\Config\Database" not found in /var/www/html/public/remove_enums.php:3
Stack trace:
#0 {main}
  thrown in /var/www/html/public/remove_enums.php on line 3
[13-Sep-2026 02:23:53 UTC] PHP Warning:  Undefined array key "featured" in /var/www/html/app/Controllers/ApiController.php on line 90
[13-Sep-2026 02:23:53 UTC] PHP Warning:  Undefined array key "featured" in /var/www/html/app/Controllers/ApiController.php on line 90
[13-Sep-2026 02:23:53 UTC] PHP Warning:  Undefined array key "featured" in /var/www/html/app/Controllers/ApiController.php on line 90
[13-Sep-2026 02:23:53 UTC] PHP Warning:  Undefined array key "featured" in /var/www/html/app/Controllers/ApiController.php on line 90
[13-Sep-2026 02:23:53 UTC] PHP Warning:  Undefined array key "featured" in /var/www/html/app/Controllers/ApiController.php on line 90
[13-Sep-2026 02:23:53 UTC] PHP Warning:  Undefined array key "featured" in /var/www/html/app/Controllers/ApiController.php on line 90
[13-Sep-2026 02:23:53 UTC] PHP Warning:  Undefined array key "featured" in /var/www/html/app/Controllers/ApiController.php on line 90
[13-Sep-2026 02:23:53 UTC] PHP Warning:  Undefined array key "featured" in /var/www/html/app/Controllers/ApiController.php on line 90
[13-Sep-2026 02:25:48 UTC] PHP Warning:  Undefined array key "featured" in /var/www/html/app/Controllers/ApiController.php on line 90
[13-Sep-2026 02:25:48 UTC] PHP Warning:  Undefined array key "featured" in /var/www/html/app/Controllers/ApiController.php on line 90
[13-Sep-2026 02:25:48 UTC] PHP Warning:  Undefined array key "featured" in /var/www/html/app/Controllers/ApiController.php on line 90
[13-Sep-2026 02:25:48 UTC] PHP Warning:  Undefined array key "featured" in /var/www/html/app/Controllers/ApiController.php on line 90
[13-Sep-2026 02:25:48 UTC] PHP Warning:  Undefined array key "featured" in /var/www/html/app/Controllers/ApiController.php on line 90
[13-Sep-2026 02:25:48 UTC] PHP Warning:  Undefined array key "featured" in /var/www/html/app/Controllers/ApiController.php on line 90
[13-Sep-2026 02:25:48 UTC] PHP Warning:  Undefined array key "featured" in /var/www/html/app/Controllers/ApiController.php on line 90
[13-Sep-2026 02:25:48 UTC] PHP Warning:  Undefined array key "featured" in /var/www/html/app/Controllers/ApiController.php on line 90
[13-Sep-2026 02:29:18 UTC] PHP Parse error:  syntax error, unexpected token "\", expecting end of file in /var/www/html/public/check_db.php on line 1
[13-Sep-2026 03:02:59 UTC] PHP Warning:  file_get_contents(C:\Users\Abdieljose\Desktop\xaa\htdocs\filitour-project\public\index.php): Failed to open stream: No such file or directory in /var/www/html/public/decode.php on line 2
[13-Sep-2026 03:02:59 UTC] PHP Deprecated:  Function utf8_decode() is deprecated in /var/www/html/public/decode.php on line 5
[13-Sep-2026 03:07:48 UTC] PHP Warning:  file_put_contents(public/index.php): Failed to open stream: No such file or directory in /var/www/html/public/fix_emojis.php on line 36
[13-Sep-2026 03:14:31 UTC] PHP Warning:  Undefined array key "featured" in /var/www/html/app/Controllers/ApiController.php on line 90
[13-Sep-2026 03:14:31 UTC] PHP Warning:  Undefined array key "featured" in /var/www/html/app/Controllers/ApiController.php on line 90
[13-Sep-2026 03:14:31 UTC] PHP Warning:  Undefined array key "featured" in /var/www/html/app/Controllers/ApiController.php on line 90
[13-Sep-2026 03:14:31 UTC] PHP Warning:  Undefined array key "featured" in /var/www/html/app/Controllers/ApiController.php on line 90
[13-Sep-2026 03:14:31 UTC] PHP Warning:  Undefined array key "featured" in /var/www/html/app/Controllers/ApiController.php on line 90
[13-Sep-2026 03:14:31 UTC] PHP Warning:  Undefined array key "featured" in /var/www/html/app/Controllers/ApiController.php on line 90
[13-Sep-2026 03:14:31 UTC] PHP Warning:  Undefined array key "featured" in /var/www/html/app/Controllers/ApiController.php on line 90
[13-Sep-2026 03:14:31 UTC] PHP Warning:  Undefined array key "featured" in /var/www/html/app/Controllers/ApiController.php on line 90
[13-Sep-2026 03:15:02 UTC] PHP Warning:  Undefined array key "featured" in /var/www/html/app/Controllers/ApiController.php on line 90
[13-Sep-2026 03:15:02 UTC] PHP Warning:  Undefined array key "featured" in /var/www/html/app/Controllers/ApiController.php on line 90
[13-Sep-2026 03:15:02 UTC] PHP Warning:  Undefined array key "featured" in /var/www/html/app/Controllers/ApiController.php on line 90
[13-Sep-2026 03:15:02 UTC] PHP Warning:  Undefined array key "featured" in /var/www/html/app/Controllers/ApiController.php on line 90
[13-Sep-2026 03:15:02 UTC] PHP Warning:  Undefined array key "featured" in /var/www/html/app/Controllers/ApiController.php on line 90
[13-Sep-2026 03:15:02 UTC] PHP Warning:  Undefined array key "featured" in /var/www/html/app/Controllers/ApiController.php on line 90
[13-Sep-2026 03:15:02 UTC] PHP Warning:  Undefined array key "featured" in /var/www/html/app/Controllers/ApiController.php on line 90
[13-Sep-2026 03:15:02 UTC] PHP Warning:  Undefined array key "featured" in /var/www/html/app/Controllers/ApiController.php on line 90
[13-Sep-2026 03:16:20 UTC] PHP Warning:  Trying to access array offset on value of type null in /var/www/html/app/Security/RateLimiter.php on line 18
[13-Sep-2026 04:01:07 UTC] PHP Warning:  Cannot modify header information - headers already sent by (output started at /var/www/html/public/index.php:1) in /var/www/html/app/Security/Headers.php on line 6
[13-Sep-2026 04:01:07 UTC] PHP Warning:  Cannot modify header information - headers already sent by (output started at /var/www/html/public/index.php:1) in /var/www/html/app/Security/Headers.php on line 7
[13-Sep-2026 04:01:07 UTC] PHP Warning:  Cannot modify header information - headers already sent by (output started at /var/www/html/public/index.php:1) in /var/www/html/app/Security/Headers.php on line 8
[13-Sep-2026 04:01:07 UTC] PHP Warning:  Cannot modify header information - headers already sent by (output started at /var/www/html/public/index.php:1) in /var/www/html/app/Security/Headers.php on line 9
[13-Sep-2026 04:01:07 UTC] PHP Warning:  Cannot modify header information - headers already sent by (output started at /var/www/html/public/index.php:1) in /var/www/html/app/Security/Headers.php on line 11
[13-Sep-2026 04:01:07 UTC] PHP Warning:  session_start(): Session cannot be started after headers have already been sent in /var/www/html/app/bootstrap.php on line 29
[13-Sep-2026 04:03:42 UTC] PHP Warning:  Cannot modify header information - headers already sent by (output started at /var/www/html/public/index.php:1) in /var/www/html/app/Security/Headers.php on line 6
[13-Sep-2026 04:03:42 UTC] PHP Warning:  Cannot modify header information - headers already sent by (output started at /var/www/html/public/index.php:1) in /var/www/html/app/Security/Headers.php on line 7
[13-Sep-2026 04:03:42 UTC] PHP Warning:  Cannot modify header information - headers already sent by (output started at /var/www/html/public/index.php:1) in /var/www/html/app/Security/Headers.php on line 8
[13-Sep-2026 04:03:42 UTC] PHP Warning:  Cannot modify header information - headers already sent by (output started at /var/www/html/public/index.php:1) in /var/www/html/app/Security/Headers.php on line 9
[13-Sep-2026 04:03:42 UTC] PHP Warning:  Cannot modify header information - headers already sent by (output started at /var/www/html/public/index.php:1) in /var/www/html/app/Security/Headers.php on line 11
[13-Sep-2026 04:03:42 UTC] PHP Warning:  session_start(): Session cannot be started after headers have already been sent in /var/www/html/app/bootstrap.php on line 29
[13-Sep-2026 04:03:42 UTC] PHP Warning:  Cannot modify header information - headers already sent by (output started at /var/www/html/public/index.php:1) in /var/www/html/app/Security/Headers.php on line 6
[13-Sep-2026 04:03:42 UTC] PHP Warning:  Cannot modify header information - headers already sent by (output started at /var/www/html/public/index.php:1) in /var/www/html/app/Security/Headers.php on line 7
[13-Sep-2026 04:03:42 UTC] PHP Warning:  Cannot modify header information - headers already sent by (output started at /var/www/html/public/index.php:1) in /var/www/html/app/Security/Headers.php on line 8
[13-Sep-2026 04:03:42 UTC] PHP Warning:  Cannot modify header information - headers already sent by (output started at /var/www/html/public/index.php:1) in /var/www/html/app/Security/Headers.php on line 9
[13-Sep-2026 04:03:42 UTC] PHP Warning:  Cannot modify header information - headers already sent by (output started at /var/www/html/public/index.php:1) in /var/www/html/app/Security/Headers.php on line 11
[13-Sep-2026 04:03:42 UTC] PHP Warning:  session_start(): Session cannot be started after headers have already been sent in /var/www/html/app/bootstrap.php on line 29
[13-Sep-2026 04:03:42 UTC] PHP Warning:  Cannot modify header information - headers already sent by (output started at /var/www/html/public/index.php:1) in /var/www/html/app/Security/Headers.php on line 6
[13-Sep-2026 04:03:42 UTC] PHP Warning:  Cannot modify header information - headers already sent by (output started at /var/www/html/public/index.php:1) in /var/www/html/app/Security/Headers.php on line 7
[13-Sep-2026 04:03:42 UTC] PHP Warning:  Cannot modify header information - headers already sent by (output started at /var/www/html/public/index.php:1) in /var/www/html/app/Security/Headers.php on line 8
[13-Sep-2026 04:03:42 UTC] PHP Warning:  Cannot modify header information - headers already sent by (output started at /var/www/html/public/index.php:1) in /var/www/html/app/Security/Headers.php on line 9
[13-Sep-2026 04:03:42 UTC] PHP Warning:  Cannot modify header information - headers already sent by (output started at /var/www/html/public/index.php:1) in /var/www/html/app/Security/Headers.php on line 11
[13-Sep-2026 04:03:42 UTC] PHP Warning:  session_start(): Session cannot be started after headers have already been sent in /var/www/html/app/bootstrap.php on line 29
[13-Sep-2026 04:03:50 UTC] PHP Warning:  Cannot modify header information - headers already sent by (output started at /var/www/html/public/index.php:1) in /var/www/html/app/Security/Headers.php on line 6
[13-Sep-2026 04:03:50 UTC] PHP Warning:  Cannot modify header information - headers already sent by (output started at /var/www/html/public/index.php:1) in /var/www/html/app/Security/Headers.php on line 7
[13-Sep-2026 04:03:50 UTC] PHP Warning:  Cannot modify header information - headers already sent by (output started at /var/www/html/public/index.php:1) in /var/www/html/app/Security/Headers.php on line 8
[13-Sep-2026 04:03:50 UTC] PHP Warning:  Cannot modify header information - headers already sent by (output started at /var/www/html/public/index.php:1) in /var/www/html/app/Security/Headers.php on line 9
[13-Sep-2026 04:03:50 UTC] PHP Warning:  Cannot modify header information - headers already sent by (output started at /var/www/html/public/index.php:1) in /var/www/html/app/Security/Headers.php on line 11
[13-Sep-2026 04:03:50 UTC] PHP Warning:  session_start(): Session cannot be started after headers have already been sent in /var/www/html/app/bootstrap.php on line 29
[13-Sep-2026 04:04:30 UTC] PHP Warning:  Cannot modify header information - headers already sent by (output started at /var/www/html/public/index.php:1) in /var/www/html/app/Security/Headers.php on line 6
[13-Sep-2026 04:04:30 UTC] PHP Warning:  Cannot modify header information - headers already sent by (output started at /var/www/html/public/index.php:1) in /var/www/html/app/Security/Headers.php on line 7
[13-Sep-2026 04:04:30 UTC] PHP Warning:  Cannot modify header information - headers already sent by (output started at /var/www/html/public/index.php:1) in /var/www/html/app/Security/Headers.php on line 8
[13-Sep-2026 04:04:30 UTC] PHP Warning:  Cannot modify header information - headers already sent by (output started at /var/www/html/public/index.php:1) in /var/www/html/app/Security/Headers.php on line 9
[13-Sep-2026 04:04:30 UTC] PHP Warning:  Cannot modify header information - headers already sent by (output started at /var/www/html/public/index.php:1) in /var/www/html/app/Security/Headers.php on line 11
[13-Sep-2026 04:04:31 UTC] PHP Warning:  session_start(): Session cannot be started after headers have already been sent in /var/www/html/app/bootstrap.php on line 29
[13-Sep-2026 04:04:31 UTC] PHP Warning:  Cannot modify header information - headers already sent by (output started at /var/www/html/public/index.php:1) in /var/www/html/app/Security/Headers.php on line 6
[13-Sep-2026 04:04:31 UTC] PHP Warning:  Cannot modify header information - headers already sent by (output started at /var/www/html/public/index.php:1) in /var/www/html/app/Security/Headers.php on line 7
[13-Sep-2026 04:04:31 UTC] PHP Warning:  Cannot modify header information - headers already sent by (output started at /var/www/html/public/index.php:1) in /var/www/html/app/Security/Headers.php on line 8
[13-Sep-2026 04:04:31 UTC] PHP Warning:  Cannot modify header information - headers already sent by (output started at /var/www/html/public/index.php:1) in /var/www/html/app/Security/Headers.php on line 9
[13-Sep-2026 04:04:31 UTC] PHP Warning:  Cannot modify header information - headers already sent by (output started at /var/www/html/public/index.php:1) in /var/www/html/app/Security/Headers.php on line 11
[13-Sep-2026 04:04:31 UTC] PHP Warning:  session_start(): Session cannot be started after headers have already been sent in /var/www/html/app/bootstrap.php on line 29
[13-Sep-2026 04:04:58 UTC] PHP Warning:  Cannot modify header information - headers already sent by (output started at /var/www/html/public/index.php:1) in /var/www/html/app/Security/Headers.php on line 6
[13-Sep-2026 04:04:58 UTC] PHP Warning:  Cannot modify header information - headers already sent by (output started at /var/www/html/public/index.php:1) in /var/www/html/app/Security/Headers.php on line 7
[13-Sep-2026 04:04:58 UTC] PHP Warning:  Cannot modify header information - headers already sent by (output started at /var/www/html/public/index.php:1) in /var/www/html/app/Security/Headers.php on line 8
[13-Sep-2026 04:04:58 UTC] PHP Warning:  Cannot modify header information - headers already sent by (output started at /var/www/html/public/index.php:1) in /var/www/html/app/Security/Headers.php on line 9
[13-Sep-2026 04:04:58 UTC] PHP Warning:  Cannot modify header information - headers already sent by (output started at /var/www/html/public/index.php:1) in /var/www/html/app/Security/Headers.php on line 11
[13-Sep-2026 04:04:58 UTC] PHP Warning:  session_start(): Session cannot be started after headers have already been sent in /var/www/html/app/bootstrap.php on line 29
[13-Sep-2026 04:04:58 UTC] PHP Warning:  Cannot modify header information - headers already sent by (output started at /var/www/html/public/index.php:1) in /var/www/html/app/Security/Headers.php on line 6
[13-Sep-2026 04:04:58 UTC] PHP Warning:  Cannot modify header information - headers already sent by (output started at /var/www/html/public/index.php:1) in /var/www/html/app/Security/Headers.php on line 7
[13-Sep-2026 04:04:58 UTC] PHP Warning:  Cannot modify header information - headers already sent by (output started at /var/www/html/public/index.php:1) in /var/www/html/app/Security/Headers.php on line 8
[13-Sep-2026 04:04:58 UTC] PHP Warning:  Cannot modify header information - headers already sent by (output started at /var/www/html/public/index.php:1) in /var/www/html/app/Security/Headers.php on line 9
[13-Sep-2026 04:04:58 UTC] PHP Warning:  Cannot modify header information - headers already sent by (output started at /var/www/html/public/index.php:1) in /var/www/html/app/Security/Headers.php on line 11
[13-Sep-2026 04:04:59 UTC] PHP Warning:  session_start(): Session cannot be started after headers have already been sent in /var/www/html/app/bootstrap.php on line 29
[13-Sep-2026 04:04:59 UTC] PHP Warning:  Cannot modify header information - headers already sent by (output started at /var/www/html/public/index.php:1) in /var/www/html/app/Security/Headers.php on line 6
[13-Sep-2026 04:04:59 UTC] PHP Warning:  Cannot modify header information - headers already sent by (output started at /var/www/html/public/index.php:1) in /var/www/html/app/Security/Headers.php on line 7
[13-Sep-2026 04:04:59 UTC] PHP Warning:  Cannot modify header information - headers already sent by (output started at /var/www/html/public/index.php:1) in /var/www/html/app/Security/Headers.php on line 8
[13-Sep-2026 04:04:59 UTC] PHP Warning:  Cannot modify header information - headers already sent by (output started at /var/www/html/public/index.php:1) in /var/www/html/app/Security/Headers.php on line 9
[13-Sep-2026 04:04:59 UTC] PHP Warning:  Cannot modify header information - headers already sent by (output started at /var/www/html/public/index.php:1) in /var/www/html/app/Security/Headers.php on line 11
[13-Sep-2026 04:04:59 UTC] PHP Warning:  session_start(): Session cannot be started after headers have already been sent in /var/www/html/app/bootstrap.php on line 29
[13-Sep-2026 04:05:08 UTC] PHP Warning:  Cannot modify header information - headers already sent by (output started at /var/www/html/public/index.php:1) in /var/www/html/app/Security/Headers.php on line 6
[13-Sep-2026 04:05:08 UTC] PHP Warning:  Cannot modify header information - headers already sent by (output started at /var/www/html/public/index.php:1) in /var/www/html/app/Security/Headers.php on line 7
[13-Sep-2026 04:05:08 UTC] PHP Warning:  Cannot modify header information - headers already sent by (output started at /var/www/html/public/index.php:1) in /var/www/html/app/Security/Headers.php on line 8
[13-Sep-2026 04:05:08 UTC] PHP Warning:  Cannot modify header information - headers already sent by (output started at /var/www/html/public/index.php:1) in /var/www/html/app/Security/Headers.php on line 9
[13-Sep-2026 04:05:08 UTC] PHP Warning:  Cannot modify header information - headers already sent by (output started at /var/www/html/public/index.php:1) in /var/www/html/app/Security/Headers.php on line 11
[13-Sep-2026 04:05:08 UTC] PHP Warning:  session_start(): Session cannot be started after headers have already been sent in /var/www/html/app/bootstrap.php on line 29
[13-Sep-2026 04:05:34 UTC] PHP Warning:  Cannot modify header information - headers already sent by (output started at /var/www/html/public/index.php:1) in /var/www/html/app/Security/Headers.php on line 6
[13-Sep-2026 04:05:34 UTC] PHP Warning:  Cannot modify header information - headers already sent by (output started at /var/www/html/public/index.php:1) in /var/www/html/app/Security/Headers.php on line 7
[13-Sep-2026 04:05:34 UTC] PHP Warning:  Cannot modify header information - headers already sent by (output started at /var/www/html/public/index.php:1) in /var/www/html/app/Security/Headers.php on line 8
[13-Sep-2026 04:05:34 UTC] PHP Warning:  Cannot modify header information - headers already sent by (output started at /var/www/html/public/index.php:1) in /var/www/html/app/Security/Headers.php on line 9
[13-Sep-2026 04:05:34 UTC] PHP Warning:  Cannot modify header information - headers already sent by (output started at /var/www/html/public/index.php:1) in /var/www/html/app/Security/Headers.php on line 11
[13-Sep-2026 04:05:34 UTC] PHP Warning:  session_start(): Session cannot be started after headers have already been sent in /var/www/html/app/bootstrap.php on line 29
[13-Sep-2026 04:05:34 UTC] PHP Warning:  Cannot modify header information - headers already sent by (output started at /var/www/html/public/index.php:1) in /var/www/html/app/Security/Headers.php on line 6
[13-Sep-2026 04:05:34 UTC] PHP Warning:  Cannot modify header information - headers already sent by (output started at /var/www/html/public/index.php:1) in /var/www/html/app/Security/Headers.php on line 7
[13-Sep-2026 04:05:34 UTC] PHP Warning:  Cannot modify header information - headers already sent by (output started at /var/www/html/public/index.php:1) in /var/www/html/app/Security/Headers.php on line 8
[13-Sep-2026 04:05:34 UTC] PHP Warning:  Cannot modify header information - headers already sent by (output started at /var/www/html/public/index.php:1) in /var/www/html/app/Security/Headers.php on line 9
[13-Sep-2026 04:05:34 UTC] PHP Warning:  Cannot modify header information - headers already sent by (output started at /var/www/html/public/index.php:1) in /var/www/html/app/Security/Headers.php on line 11
[13-Sep-2026 04:05:34 UTC] PHP Warning:  session_start(): Session cannot be started after headers have already been sent in /var/www/html/app/bootstrap.php on line 29
[13-Sep-2026 04:05:34 UTC] PHP Warning:  Cannot modify header information - headers already sent by (output started at /var/www/html/public/index.php:1) in /var/www/html/app/Security/Headers.php on line 6
[13-Sep-2026 04:05:34 UTC] PHP Warning:  Cannot modify header information - headers already sent by (output started at /var/www/html/public/index.php:1) in /var/www/html/app/Security/Headers.php on line 7
[13-Sep-2026 04:05:34 UTC] PHP Warning:  Cannot modify header information - headers already sent by (output started at /var/www/html/public/index.php:1) in /var/www/html/app/Security/Headers.php on line 8
[13-Sep-2026 04:05:34 UTC] PHP Warning:  Cannot modify header information - headers already sent by (output started at /var/www/html/public/index.php:1) in /var/www/html/app/Security/Headers.php on line 9
[13-Sep-2026 04:05:34 UTC] PHP Warning:  Cannot modify header information - headers already sent by (output started at /var/www/html/public/index.php:1) in /var/www/html/app/Security/Headers.php on line 11
[13-Sep-2026 04:05:34 UTC] PHP Warning:  session_start(): Session cannot be started after headers have already been sent in /var/www/html/app/bootstrap.php on line 29
[13-Sep-2026 04:05:34 UTC] PHP Warning:  Cannot modify header information - headers already sent by (output started at /var/www/html/public/index.php:1) in /var/www/html/app/Security/Headers.php on line 6
[13-Sep-2026 04:05:34 UTC] PHP Warning:  Cannot modify header information - headers already sent by (output started at /var/www/html/public/index.php:1) in /var/www/html/app/Security/Headers.php on line 7
[13-Sep-2026 04:05:34 UTC] PHP Warning:  Cannot modify header information - headers already sent by (output started at /var/www/html/public/index.php:1) in /var/www/html/app/Security/Headers.php on line 8
[13-Sep-2026 04:05:34 UTC] PHP Warning:  Cannot modify header information - headers already sent by (output started at /var/www/html/public/index.php:1) in /var/www/html/app/Security/Headers.php on line 9
[13-Sep-2026 04:05:34 UTC] PHP Warning:  Cannot modify header information - headers already sent by (output started at /var/www/html/public/index.php:1) in /var/www/html/app/Security/Headers.php on line 11
[13-Sep-2026 04:05:34 UTC] PHP Warning:  session_start(): Session cannot be started after headers have already been sent in /var/www/html/app/bootstrap.php on line 29
[13-Sep-2026 04:05:34 UTC] PHP Warning:  Cannot modify header information - headers already sent by (output started at /var/www/html/public/index.php:1) in /var/www/html/app/Security/Headers.php on line 6
[13-Sep-2026 04:05:34 UTC] PHP Warning:  Cannot modify header information - headers already sent by (output started at /var/www/html/public/index.php:1) in /var/www/html/app/Security/Headers.php on line 7
[13-Sep-2026 04:05:34 UTC] PHP Warning:  Cannot modify header information - headers already sent by (output started at /var/www/html/public/index.php:1) in /var/www/html/app/Security/Headers.php on line 8
[13-Sep-2026 04:05:34 UTC] PHP Warning:  Cannot modify header information - headers already sent by (output started at /var/www/html/public/index.php:1) in /var/www/html/app/Security/Headers.php on line 9
[13-Sep-2026 04:05:34 UTC] PHP Warning:  Cannot modify header information - headers already sent by (output started at /var/www/html/public/index.php:1) in /var/www/html/app/Security/Headers.php on line 11
[13-Sep-2026 04:05:35 UTC] PHP Warning:  session_start(): Session cannot be started after headers have already been sent in /var/www/html/app/bootstrap.php on line 29
[13-Sep-2026 04:05:35 UTC] PHP Warning:  Cannot modify header information - headers already sent by (output started at /var/www/html/public/index.php:1) in /var/www/html/app/Security/Headers.php on line 6
[13-Sep-2026 04:05:35 UTC] PHP Warning:  Cannot modify header information - headers already sent by (output started at /var/www/html/public/index.php:1) in /var/www/html/app/Security/Headers.php on line 7
[13-Sep-2026 04:05:35 UTC] PHP Warning:  Cannot modify header information - headers already sent by (output started at /var/www/html/public/index.php:1) in /var/www/html/app/Security/Headers.php on line 8
[13-Sep-2026 04:05:35 UTC] PHP Warning:  Cannot modify header information - headers already sent by (output started at /var/www/html/public/index.php:1) in /var/www/html/app/Security/Headers.php on line 9
[13-Sep-2026 04:05:35 UTC] PHP Warning:  Cannot modify header information - headers already sent by (output started at /var/www/html/public/index.php:1) in /var/www/html/app/Security/Headers.php on line 11
[13-Sep-2026 04:05:35 UTC] PHP Warning:  session_start(): Session cannot be started after headers have already been sent in /var/www/html/app/bootstrap.php on line 29
[13-Sep-2026 04:05:35 UTC] PHP Warning:  Cannot modify header information - headers already sent by (output started at /var/www/html/public/index.php:1) in /var/www/html/app/Security/Headers.php on line 6
[13-Sep-2026 04:05:35 UTC] PHP Warning:  Cannot modify header information - headers already sent by (output started at /var/www/html/public/index.php:1) in /var/www/html/app/Security/Headers.php on line 7
[13-Sep-2026 04:05:35 UTC] PHP Warning:  Cannot modify header information - headers already sent by (output started at /var/www/html/public/index.php:1) in /var/www/html/app/Security/Headers.php on line 8
[13-Sep-2026 04:05:35 UTC] PHP Warning:  Cannot modify header information - headers already sent by (output started at /var/www/html/public/index.php:1) in /var/www/html/app/Security/Headers.php on line 9
[13-Sep-2026 04:05:35 UTC] PHP Warning:  Cannot modify header information - headers already sent by (output started at /var/www/html/public/index.php:1) in /var/www/html/app/Security/Headers.php on line 11
[13-Sep-2026 04:05:35 UTC] PHP Warning:  session_start(): Session cannot be started after headers have already been sent in /var/www/html/app/bootstrap.php on line 29
[13-Sep-2026 04:05:49 UTC] PHP Warning:  Cannot modify header information - headers already sent by (output started at /var/www/html/public/index.php:1) in /var/www/html/app/Security/Headers.php on line 6
[13-Sep-2026 04:05:49 UTC] PHP Warning:  Cannot modify header information - headers already sent by (output started at /var/www/html/public/index.php:1) in /var/www/html/app/Security/Headers.php on line 7
[13-Sep-2026 04:05:49 UTC] PHP Warning:  Cannot modify header information - headers already sent by (output started at /var/www/html/public/index.php:1) in /var/www/html/app/Security/Headers.php on line 8
[13-Sep-2026 04:05:49 UTC] PHP Warning:  Cannot modify header information - headers already sent by (output started at /var/www/html/public/index.php:1) in /var/www/html/app/Security/Headers.php on line 9
[13-Sep-2026 04:05:49 UTC] PHP Warning:  Cannot modify header information - headers already sent by (output started at /var/www/html/public/index.php:1) in /var/www/html/app/Security/Headers.php on line 11
[13-Sep-2026 04:05:49 UTC] PHP Warning:  session_start(): Session cannot be started after headers have already been sent in /var/www/html/app/bootstrap.php on line 29
[13-Sep-2026 04:11:17 UTC] PHP Warning:  Trying to access array offset on value of type null in /var/www/html/app/Security/RateLimiter.php on line 18
[13-Sep-2026 04:35:05 UTC] PHP Warning:  Undefined array key "featured" in /var/www/html/app/Controllers/ApiController.php on line 111
[13-Sep-2026 04:35:05 UTC] PHP Warning:  Undefined array key "featured" in /var/www/html/app/Controllers/ApiController.php on line 111
[13-Sep-2026 04:35:05 UTC] PHP Warning:  Undefined array key "featured" in /var/www/html/app/Controllers/ApiController.php on line 111
[13-Sep-2026 04:35:05 UTC] PHP Warning:  Undefined array key "featured" in /var/www/html/app/Controllers/ApiController.php on line 111
[13-Sep-2026 04:35:05 UTC] PHP Warning:  Undefined array key "featured" in /var/www/html/app/Controllers/ApiController.php on line 111
[13-Sep-2026 04:35:05 UTC] PHP Warning:  Undefined array key "featured" in /var/www/html/app/Controllers/ApiController.php on line 111
[13-Sep-2026 04:35:05 UTC] PHP Warning:  Undefined array key "featured" in /var/www/html/app/Controllers/ApiController.php on line 111
[13-Sep-2026 04:35:05 UTC] PHP Warning:  Undefined array key "featured" in /var/www/html/app/Controllers/ApiController.php on line 111
[13-Sep-2026 04:35:08 UTC] PHP Warning:  Undefined array key "featured" in /var/www/html/app/Controllers/ApiController.php on line 111
[13-Sep-2026 04:35:08 UTC] PHP Warning:  Undefined array key "featured" in /var/www/html/app/Controllers/ApiController.php on line 111
[13-Sep-2026 04:35:08 UTC] PHP Warning:  Undefined array key "featured" in /var/www/html/app/Controllers/ApiController.php on line 111
[13-Sep-2026 04:35:08 UTC] PHP Warning:  Undefined array key "featured" in /var/www/html/app/Controllers/ApiController.php on line 111
[13-Sep-2026 04:35:08 UTC] PHP Warning:  Undefined array key "featured" in /var/www/html/app/Controllers/ApiController.php on line 111
[13-Sep-2026 04:35:08 UTC] PHP Warning:  Undefined array key "featured" in /var/www/html/app/Controllers/ApiController.php on line 111
[13-Sep-2026 04:35:08 UTC] PHP Warning:  Undefined array key "featured" in /var/www/html/app/Controllers/ApiController.php on line 111
[13-Sep-2026 04:35:08 UTC] PHP Warning:  Undefined array key "featured" in /var/www/html/app/Controllers/ApiController.php on line 111
[13-Sep-2026 04:36:19 UTC] PHP Warning:  Undefined array key "featured" in /var/www/html/app/Controllers/ApiController.php on line 111
[13-Sep-2026 04:36:19 UTC] PHP Warning:  Undefined array key "featured" in /var/www/html/app/Controllers/ApiController.php on line 111
[13-Sep-2026 04:36:19 UTC] PHP Warning:  Undefined array key "featured" in /var/www/html/app/Controllers/ApiController.php on line 111
[13-Sep-2026 04:36:19 UTC] PHP Warning:  Undefined array key "featured" in /var/www/html/app/Controllers/ApiController.php on line 111
[13-Sep-2026 04:36:19 UTC] PHP Warning:  Undefined array key "featured" in /var/www/html/app/Controllers/ApiController.php on line 111
[13-Sep-2026 04:36:19 UTC] PHP Warning:  Undefined array key "featured" in /var/www/html/app/Controllers/ApiController.php on line 111
[13-Sep-2026 04:36:19 UTC] PHP Warning:  Undefined array key "featured" in /var/www/html/app/Controllers/ApiController.php on line 111
[13-Sep-2026 04:36:19 UTC] PHP Warning:  Undefined array key "featured" in /var/www/html/app/Controllers/ApiController.php on line 111
[13-Sep-2026 04:36:20 UTC] PHP Warning:  Undefined array key "featured" in /var/www/html/app/Controllers/ApiController.php on line 111
[13-Sep-2026 04:36:20 UTC] PHP Warning:  Undefined array key "featured" in /var/www/html/app/Controllers/ApiController.php on line 111
[13-Sep-2026 04:36:20 UTC] PHP Warning:  Undefined array key "featured" in /var/www/html/app/Controllers/ApiController.php on line 111
[13-Sep-2026 04:36:20 UTC] PHP Warning:  Undefined array key "featured" in /var/www/html/app/Controllers/ApiController.php on line 111
[13-Sep-2026 04:36:20 UTC] PHP Warning:  Undefined array key "featured" in /var/www/html/app/Controllers/ApiController.php on line 111
[13-Sep-2026 04:36:20 UTC] PHP Warning:  Undefined array key "featured" in /var/www/html/app/Controllers/ApiController.php on line 111
[13-Sep-2026 04:36:20 UTC] PHP Warning:  Undefined array key "featured" in /var/www/html/app/Controllers/ApiController.php on line 111
[13-Sep-2026 04:36:20 UTC] PHP Warning:  Undefined array key "featured" in /var/www/html/app/Controllers/ApiController.php on line 111
[13-Sep-2026 04:36:21 UTC] PHP Warning:  Undefined array key "featured" in /var/www/html/app/Controllers/ApiController.php on line 111
[13-Sep-2026 04:36:21 UTC] PHP Warning:  Undefined array key "featured" in /var/www/html/app/Controllers/ApiController.php on line 111
[13-Sep-2026 04:36:21 UTC] PHP Warning:  Undefined array key "featured" in /var/www/html/app/Controllers/ApiController.php on line 111
[13-Sep-2026 04:36:21 UTC] PHP Warning:  Undefined array key "featured" in /var/www/html/app/Controllers/ApiController.php on line 111
[13-Sep-2026 04:36:21 UTC] PHP Warning:  Undefined array key "featured" in /var/www/html/app/Controllers/ApiController.php on line 111
[13-Sep-2026 04:36:21 UTC] PHP Warning:  Undefined array key "featured" in /var/www/html/app/Controllers/ApiController.php on line 111
[13-Sep-2026 04:36:21 UTC] PHP Warning:  Undefined array key "featured" in /var/www/html/app/Controllers/ApiController.php on line 111
[13-Sep-2026 04:36:21 UTC] PHP Warning:  Undefined array key "featured" in /var/www/html/app/Controllers/ApiController.php on line 111
[13-Sep-2026 04:44:31 UTC] PHP Warning:  Cannot modify header information - headers already sent by (output started at /var/www/html/public/index.php:1) in /var/www/html/app/Security/Headers.php on line 6
[13-Sep-2026 04:44:31 UTC] PHP Warning:  Cannot modify header information - headers already sent by (output started at /var/www/html/public/index.php:1) in /var/www/html/app/Security/Headers.php on line 7
[13-Sep-2026 04:44:31 UTC] PHP Warning:  Cannot modify header information - headers already sent by (output started at /var/www/html/public/index.php:1) in /var/www/html/app/Security/Headers.php on line 8
[13-Sep-2026 04:44:31 UTC] PHP Warning:  Cannot modify header information - headers already sent by (output started at /var/www/html/public/index.php:1) in /var/www/html/app/Security/Headers.php on line 9
[13-Sep-2026 04:44:31 UTC] PHP Warning:  Cannot modify header information - headers already sent by (output started at /var/www/html/public/index.php:1) in /var/www/html/app/Security/Headers.php on line 11
[13-Sep-2026 04:44:31 UTC] PHP Warning:  session_start(): Session cannot be started after headers have already been sent in /var/www/html/app/bootstrap.php on line 29
[13-Sep-2026 04:44:43 UTC] PHP Warning:  Cannot modify header information - headers already sent by (output started at /var/www/html/public/index.php:1) in /var/www/html/app/Security/Headers.php on line 6
[13-Sep-2026 04:44:43 UTC] PHP Warning:  Cannot modify header information - headers already sent by (output started at /var/www/html/public/index.php:1) in /var/www/html/app/Security/Headers.php on line 7
[13-Sep-2026 04:44:43 UTC] PHP Warning:  Cannot modify header information - headers already sent by (output started at /var/www/html/public/index.php:1) in /var/www/html/app/Security/Headers.php on line 8
[13-Sep-2026 04:44:43 UTC] PHP Warning:  Cannot modify header information - headers already sent by (output started at /var/www/html/public/index.php:1) in /var/www/html/app/Security/Headers.php on line 9
[13-Sep-2026 04:44:43 UTC] PHP Warning:  Cannot modify header information - headers already sent by (output started at /var/www/html/public/index.php:1) in /var/www/html/app/Security/Headers.php on line 11
[13-Sep-2026 04:44:43 UTC] PHP Warning:  session_start(): Session cannot be started after headers have already been sent in /var/www/html/app/bootstrap.php on line 29
[13-Sep-2026 04:44:54 UTC] PHP Warning:  Cannot modify header information - headers already sent by (output started at /var/www/html/public/index.php:1) in /var/www/html/app/Security/Headers.php on line 6
[13-Sep-2026 04:44:54 UTC] PHP Warning:  Cannot modify header information - headers already sent by (output started at /var/www/html/public/index.php:1) in /var/www/html/app/Security/Headers.php on line 7
[13-Sep-2026 04:44:54 UTC] PHP Warning:  Cannot modify header information - headers already sent by (output started at /var/www/html/public/index.php:1) in /var/www/html/app/Security/Headers.php on line 8
[13-Sep-2026 04:44:54 UTC] PHP Warning:  Cannot modify header information - headers already sent by (output started at /var/www/html/public/index.php:1) in /var/www/html/app/Security/Headers.php on line 9
[13-Sep-2026 04:44:54 UTC] PHP Warning:  Cannot modify header information - headers already sent by (output started at /var/www/html/public/index.php:1) in /var/www/html/app/Security/Headers.php on line 11
[13-Sep-2026 04:44:54 UTC] PHP Warning:  session_start(): Session cannot be started after headers have already been sent in /var/www/html/app/bootstrap.php on line 29
[13-Sep-2026 04:44:54 UTC] PHP Warning:  Cannot modify header information - headers already sent by (output started at /var/www/html/public/index.php:1) in /var/www/html/app/Security/Headers.php on line 6
[13-Sep-2026 04:44:54 UTC] PHP Warning:  Cannot modify header information - headers already sent by (output started at /var/www/html/public/index.php:1) in /var/www/html/app/Security/Headers.php on line 7
[13-Sep-2026 04:44:54 UTC] PHP Warning:  Cannot modify header information - headers already sent by (output started at /var/www/html/public/index.php:1) in /var/www/html/app/Security/Headers.php on line 8
[13-Sep-2026 04:44:54 UTC] PHP Warning:  Cannot modify header information - headers already sent by (output started at /var/www/html/public/index.php:1) in /var/www/html/app/Security/Headers.php on line 9
[13-Sep-2026 04:44:54 UTC] PHP Warning:  Cannot modify header information - headers already sent by (output started at /var/www/html/public/index.php:1) in /var/www/html/app/Security/Headers.php on line 11
[13-Sep-2026 04:44:54 UTC] PHP Warning:  session_start(): Session cannot be started after headers have already been sent in /var/www/html/app/bootstrap.php on line 29
[13-Sep-2026 04:44:54 UTC] PHP Warning:  Cannot modify header information - headers already sent by (output started at /var/www/html/public/index.php:1) in /var/www/html/app/Security/Headers.php on line 6
[13-Sep-2026 04:44:54 UTC] PHP Warning:  Cannot modify header information - headers already sent by (output started at /var/www/html/public/index.php:1) in /var/www/html/app/Security/Headers.php on line 7
[13-Sep-2026 04:44:54 UTC] PHP Warning:  Cannot modify header information - headers already sent by (output started at /var/www/html/public/index.php:1) in /var/www/html/app/Security/Headers.php on line 8
[13-Sep-2026 04:44:54 UTC] PHP Warning:  Cannot modify header information - headers already sent by (output started at /var/www/html/public/index.php:1) in /var/www/html/app/Security/Headers.php on line 9
[13-Sep-2026 04:44:54 UTC] PHP Warning:  Cannot modify header information - headers already sent by (output started at /var/www/html/public/index.php:1) in /var/www/html/app/Security/Headers.php on line 11
[13-Sep-2026 04:44:54 UTC] PHP Warning:  session_start(): Session cannot be started after headers have already been sent in /var/www/html/app/bootstrap.php on line 29
[13-Sep-2026 04:49:47 UTC] PHP Warning:  Cannot modify header information - headers already sent by (output started at /var/www/html/public/index.php:1) in /var/www/html/app/Security/Headers.php on line 6
[13-Sep-2026 04:49:47 UTC] PHP Warning:  Cannot modify header information - headers already sent by (output started at /var/www/html/public/index.php:1) in /var/www/html/app/Security/Headers.php on line 7
[13-Sep-2026 04:49:47 UTC] PHP Warning:  Cannot modify header information - headers already sent by (output started at /var/www/html/public/index.php:1) in /var/www/html/app/Security/Headers.php on line 8
[13-Sep-2026 04:49:47 UTC] PHP Warning:  Cannot modify header information - headers already sent by (output started at /var/www/html/public/index.php:1) in /var/www/html/app/Security/Headers.php on line 9
[13-Sep-2026 04:49:47 UTC] PHP Warning:  Cannot modify header information - headers already sent by (output started at /var/www/html/public/index.php:1) in /var/www/html/app/Security/Headers.php on line 10
[13-Sep-2026 04:49:47 UTC] PHP Warning:  Cannot modify header information - headers already sent by (output started at /var/www/html/public/index.php:1) in /var/www/html/app/Security/Headers.php on line 11
[13-Sep-2026 04:49:47 UTC] PHP Warning:  Cannot modify header information - headers already sent by (output started at /var/www/html/public/index.php:1) in /var/www/html/app/Security/Headers.php on line 12
[13-Sep-2026 04:49:47 UTC] PHP Warning:  Cannot modify header information - headers already sent by (output started at /var/www/html/public/index.php:1) in /var/www/html/app/Security/Headers.php on line 14
[13-Sep-2026 04:49:47 UTC] PHP Warning:  session_start(): Session cannot be started after headers have already been sent in /var/www/html/app/bootstrap.php on line 29
[13-Sep-2026 04:50:01 UTC] PHP Warning:  Cannot modify header information - headers already sent by (output started at /var/www/html/public/index.php:1) in /var/www/html/app/Security/Headers.php on line 6
[13-Sep-2026 04:50:01 UTC] PHP Warning:  Cannot modify header information - headers already sent by (output started at /var/www/html/public/index.php:1) in /var/www/html/app/Security/Headers.php on line 7
[13-Sep-2026 04:50:01 UTC] PHP Warning:  Cannot modify header information - headers already sent by (output started at /var/www/html/public/index.php:1) in /var/www/html/app/Security/Headers.php on line 8
[13-Sep-2026 04:50:01 UTC] PHP Warning:  Cannot modify header information - headers already sent by (output started at /var/www/html/public/index.php:1) in /var/www/html/app/Security/Headers.php on line 9
[13-Sep-2026 04:50:01 UTC] PHP Warning:  Cannot modify header information - headers already sent by (output started at /var/www/html/public/index.php:1) in /var/www/html/app/Security/Headers.php on line 10
[13-Sep-2026 04:50:01 UTC] PHP Warning:  Cannot modify header information - headers already sent by (output started at /var/www/html/public/index.php:1) in /var/www/html/app/Security/Headers.php on line 11
[13-Sep-2026 04:50:01 UTC] PHP Warning:  Cannot modify header information - headers already sent by (output started at /var/www/html/public/index.php:1) in /var/www/html/app/Security/Headers.php on line 12
[13-Sep-2026 04:50:01 UTC] PHP Warning:  Cannot modify header information - headers already sent by (output started at /var/www/html/public/index.php:1) in /var/www/html/app/Security/Headers.php on line 14
[13-Sep-2026 04:50:01 UTC] PHP Warning:  session_start(): Session cannot be started after headers have already been sent in /var/www/html/app/bootstrap.php on line 29
[13-Sep-2026 04:50:15 UTC] PHP Warning:  Cannot modify header information - headers already sent by (output started at /var/www/html/public/index.php:1) in /var/www/html/app/Security/Headers.php on line 6
[13-Sep-2026 04:50:15 UTC] PHP Warning:  Cannot modify header information - headers already sent by (output started at /var/www/html/public/index.php:1) in /var/www/html/app/Security/Headers.php on line 7
[13-Sep-2026 04:50:15 UTC] PHP Warning:  Cannot modify header information - headers already sent by (output started at /var/www/html/public/index.php:1) in /var/www/html/app/Security/Headers.php on line 8
[13-Sep-2026 04:50:15 UTC] PHP Warning:  Cannot modify header information - headers already sent by (output started at /var/www/html/public/index.php:1) in /var/www/html/app/Security/Headers.php on line 9
[13-Sep-2026 04:50:15 UTC] PHP Warning:  Cannot modify header information - headers already sent by (output started at /var/www/html/public/index.php:1) in /var/www/html/app/Security/Headers.php on line 10
[13-Sep-2026 04:50:15 UTC] PHP Warning:  Cannot modify header information - headers already sent by (output started at /var/www/html/public/index.php:1) in /var/www/html/app/Security/Headers.php on line 11
[13-Sep-2026 04:50:15 UTC] PHP Warning:  Cannot modify header information - headers already sent by (output started at /var/www/html/public/index.php:1) in /var/www/html/app/Security/Headers.php on line 12
[13-Sep-2026 04:50:15 UTC] PHP Warning:  Cannot modify header information - headers already sent by (output started at /var/www/html/public/index.php:1) in /var/www/html/app/Security/Headers.php on line 14
[13-Sep-2026 04:50:15 UTC] PHP Warning:  session_start(): Session cannot be started after headers have already been sent in /var/www/html/app/bootstrap.php on line 29
[13-Sep-2026 04:50:18 UTC] PHP Warning:  Cannot modify header information - headers already sent by (output started at /var/www/html/public/index.php:1) in /var/www/html/app/Security/Headers.php on line 6
[13-Sep-2026 04:50:18 UTC] PHP Warning:  Cannot modify header information - headers already sent by (output started at /var/www/html/public/index.php:1) in /var/www/html/app/Security/Headers.php on line 7
[13-Sep-2026 04:50:18 UTC] PHP Warning:  Cannot modify header information - headers already sent by (output started at /var/www/html/public/index.php:1) in /var/www/html/app/Security/Headers.php on line 8
[13-Sep-2026 04:50:18 UTC] PHP Warning:  Cannot modify header information - headers already sent by (output started at /var/www/html/public/index.php:1) in /var/www/html/app/Security/Headers.php on line 9
[13-Sep-2026 04:50:18 UTC] PHP Warning:  Cannot modify header information - headers already sent by (output started at /var/www/html/public/index.php:1) in /var/www/html/app/Security/Headers.php on line 10
[13-Sep-2026 04:50:18 UTC] PHP Warning:  Cannot modify header information - headers already sent by (output started at /var/www/html/public/index.php:1) in /var/www/html/app/Security/Headers.php on line 11
[13-Sep-2026 04:50:18 UTC] PHP Warning:  Cannot modify header information - headers already sent by (output started at /var/www/html/public/index.php:1) in /var/www/html/app/Security/Headers.php on line 12
[13-Sep-2026 04:50:18 UTC] PHP Warning:  Cannot modify header information - headers already sent by (output started at /var/www/html/public/index.php:1) in /var/www/html/app/Security/Headers.php on line 14
[13-Sep-2026 04:50:18 UTC] PHP Warning:  session_start(): Session cannot be started after headers have already been sent in /var/www/html/app/bootstrap.php on line 29
[13-Sep-2026 05:00:49 UTC] PHP Warning:  Undefined array key "featured" in /var/www/html/app/Controllers/ApiController.php on line 111
[13-Sep-2026 05:00:49 UTC] PHP Warning:  Undefined array key "featured" in /var/www/html/app/Controllers/ApiController.php on line 111
[13-Sep-2026 05:00:49 UTC] PHP Warning:  Undefined array key "featured" in /var/www/html/app/Controllers/ApiController.php on line 111
[13-Sep-2026 05:00:49 UTC] PHP Warning:  Undefined array key "featured" in /var/www/html/app/Controllers/ApiController.php on line 111
[13-Sep-2026 05:00:49 UTC] PHP Warning:  Undefined array key "featured" in /var/www/html/app/Controllers/ApiController.php on line 111
[13-Sep-2026 05:00:49 UTC] PHP Warning:  Undefined array key "featured" in /var/www/html/app/Controllers/ApiController.php on line 111
[13-Sep-2026 05:00:49 UTC] PHP Warning:  Undefined array key "featured" in /var/www/html/app/Controllers/ApiController.php on line 111
[13-Sep-2026 05:00:49 UTC] PHP Warning:  Undefined array key "featured" in /var/www/html/app/Controllers/ApiController.php on line 111
[13-Sep-2026 05:00:53 UTC] PHP Warning:  Undefined array key "featured" in /var/www/html/app/Controllers/ApiController.php on line 111
[13-Sep-2026 05:00:53 UTC] PHP Warning:  Undefined array key "featured" in /var/www/html/app/Controllers/ApiController.php on line 111
[13-Sep-2026 05:00:53 UTC] PHP Warning:  Undefined array key "featured" in /var/www/html/app/Controllers/ApiController.php on line 111
[13-Sep-2026 05:00:53 UTC] PHP Warning:  Undefined array key "featured" in /var/www/html/app/Controllers/ApiController.php on line 111
[13-Sep-2026 05:00:53 UTC] PHP Warning:  Undefined array key "featured" in /var/www/html/app/Controllers/ApiController.php on line 111
[13-Sep-2026 05:00:53 UTC] PHP Warning:  Undefined array key "featured" in /var/www/html/app/Controllers/ApiController.php on line 111
[13-Sep-2026 05:00:53 UTC] PHP Warning:  Undefined array key "featured" in /var/www/html/app/Controllers/ApiController.php on line 111
[13-Sep-2026 05:00:53 UTC] PHP Warning:  Undefined array key "featured" in /var/www/html/app/Controllers/ApiController.php on line 111
[13-Sep-2026 05:00:55 UTC] PHP Warning:  Undefined array key "featured" in /var/www/html/app/Controllers/ApiController.php on line 111
[13-Sep-2026 05:00:55 UTC] PHP Warning:  Undefined array key "featured" in /var/www/html/app/Controllers/ApiController.php on line 111
[13-Sep-2026 05:00:55 UTC] PHP Warning:  Undefined array key "featured" in /var/www/html/app/Controllers/ApiController.php on line 111
[13-Sep-2026 05:00:55 UTC] PHP Warning:  Undefined array key "featured" in /var/www/html/app/Controllers/ApiController.php on line 111
[13-Sep-2026 05:00:55 UTC] PHP Warning:  Undefined array key "featured" in /var/www/html/app/Controllers/ApiController.php on line 111
[13-Sep-2026 05:00:55 UTC] PHP Warning:  Undefined array key "featured" in /var/www/html/app/Controllers/ApiController.php on line 111
[13-Sep-2026 05:00:55 UTC] PHP Warning:  Undefined array key "featured" in /var/www/html/app/Controllers/ApiController.php on line 111
[13-Sep-2026 05:00:55 UTC] PHP Warning:  Undefined array key "featured" in /var/www/html/app/Controllers/ApiController.php on line 111
[13-Sep-2026 05:02:26 UTC] PHP Warning:  Undefined array key "featured" in /var/www/html/app/Controllers/ApiController.php on line 111
[13-Sep-2026 05:02:26 UTC] PHP Warning:  Undefined array key "featured" in /var/www/html/app/Controllers/ApiController.php on line 111
[13-Sep-2026 05:02:26 UTC] PHP Warning:  Undefined array key "featured" in /var/www/html/app/Controllers/ApiController.php on line 111
[13-Sep-2026 05:02:26 UTC] PHP Warning:  Undefined array key "featured" in /var/www/html/app/Controllers/ApiController.php on line 111
[13-Sep-2026 05:02:26 UTC] PHP Warning:  Undefined array key "featured" in /var/www/html/app/Controllers/ApiController.php on line 111
[13-Sep-2026 05:02:26 UTC] PHP Warning:  Undefined array key "featured" in /var/www/html/app/Controllers/ApiController.php on line 111
[13-Sep-2026 05:02:26 UTC] PHP Warning:  Undefined array key "featured" in /var/www/html/app/Controllers/ApiController.php on line 111
[13-Sep-2026 05:02:26 UTC] PHP Warning:  Undefined array key "featured" in /var/www/html/app/Controllers/ApiController.php on line 111
[13-Sep-2026 05:02:28 UTC] PHP Warning:  Undefined array key "featured" in /var/www/html/app/Controllers/ApiController.php on line 111
[13-Sep-2026 05:02:28 UTC] PHP Warning:  Undefined array key "featured" in /var/www/html/app/Controllers/ApiController.php on line 111
[13-Sep-2026 05:02:28 UTC] PHP Warning:  Undefined array key "featured" in /var/www/html/app/Controllers/ApiController.php on line 111
[13-Sep-2026 05:02:28 UTC] PHP Warning:  Undefined array key "featured" in /var/www/html/app/Controllers/ApiController.php on line 111
[13-Sep-2026 05:02:28 UTC] PHP Warning:  Undefined array key "featured" in /var/www/html/app/Controllers/ApiController.php on line 111
[13-Sep-2026 05:02:28 UTC] PHP Warning:  Undefined array key "featured" in /var/www/html/app/Controllers/ApiController.php on line 111
[13-Sep-2026 05:02:28 UTC] PHP Warning:  Undefined array key "featured" in /var/www/html/app/Controllers/ApiController.php on line 111
[13-Sep-2026 05:02:28 UTC] PHP Warning:  Undefined array key "featured" in /var/www/html/app/Controllers/ApiController.php on line 111
[13-Sep-2026 05:17:37 UTC] PHP Warning:  Undefined array key "featured" in /var/www/html/app/Controllers/ApiController.php on line 111
[13-Sep-2026 05:17:37 UTC] PHP Warning:  Undefined array key "featured" in /var/www/html/app/Controllers/ApiController.php on line 111
[13-Sep-2026 05:17:37 UTC] PHP Warning:  Undefined array key "featured" in /var/www/html/app/Controllers/ApiController.php on line 111
[13-Sep-2026 05:17:37 UTC] PHP Warning:  Undefined array key "featured" in /var/www/html/app/Controllers/ApiController.php on line 111
[13-Sep-2026 05:17:37 UTC] PHP Warning:  Undefined array key "featured" in /var/www/html/app/Controllers/ApiController.php on line 111
[13-Sep-2026 05:17:37 UTC] PHP Warning:  Undefined array key "featured" in /var/www/html/app/Controllers/ApiController.php on line 111
[13-Sep-2026 05:17:37 UTC] PHP Warning:  Undefined array key "featured" in /var/www/html/app/Controllers/ApiController.php on line 111
[13-Sep-2026 05:17:37 UTC] PHP Warning:  Undefined array key "featured" in /var/www/html/app/Controllers/ApiController.php on line 111
[13-Sep-2026 05:17:44 UTC] PHP Warning:  Undefined array key "featured" in /var/www/html/app/Controllers/ApiController.php on line 111
[13-Sep-2026 05:17:44 UTC] PHP Warning:  Undefined array key "featured" in /var/www/html/app/Controllers/ApiController.php on line 111
[13-Sep-2026 05:17:44 UTC] PHP Warning:  Undefined array key "featured" in /var/www/html/app/Controllers/ApiController.php on line 111
[13-Sep-2026 05:17:44 UTC] PHP Warning:  Undefined array key "featured" in /var/www/html/app/Controllers/ApiController.php on line 111
[13-Sep-2026 05:17:44 UTC] PHP Warning:  Undefined array key "featured" in /var/www/html/app/Controllers/ApiController.php on line 111
[13-Sep-2026 05:17:44 UTC] PHP Warning:  Undefined array key "featured" in /var/www/html/app/Controllers/ApiController.php on line 111
[13-Sep-2026 05:17:44 UTC] PHP Warning:  Undefined array key "featured" in /var/www/html/app/Controllers/ApiController.php on line 111
[13-Sep-2026 05:17:44 UTC] PHP Warning:  Undefined array key "featured" in /var/www/html/app/Controllers/ApiController.php on line 111
[13-Sep-2026 05:58:44 UTC] PHP Warning:  Cannot modify header information - headers already sent by (output started at /var/www/html/public/index.php:1) in /var/www/html/app/Security/Headers.php on line 6
[13-Sep-2026 05:58:44 UTC] PHP Warning:  Cannot modify header information - headers already sent by (output started at /var/www/html/public/index.php:1) in /var/www/html/app/Security/Headers.php on line 7
[13-Sep-2026 05:58:44 UTC] PHP Warning:  Cannot modify header information - headers already sent by (output started at /var/www/html/public/index.php:1) in /var/www/html/app/Security/Headers.php on line 8
[13-Sep-2026 05:58:44 UTC] PHP Warning:  Cannot modify header information - headers already sent by (output started at /var/www/html/public/index.php:1) in /var/www/html/app/Security/Headers.php on line 9
[13-Sep-2026 05:58:44 UTC] PHP Warning:  Cannot modify header information - headers already sent by (output started at /var/www/html/public/index.php:1) in /var/www/html/app/Security/Headers.php on line 10
[13-Sep-2026 05:58:44 UTC] PHP Warning:  Cannot modify header information - headers already sent by (output started at /var/www/html/public/index.php:1) in /var/www/html/app/Security/Headers.php on line 11
[13-Sep-2026 05:58:44 UTC] PHP Warning:  Cannot modify header information - headers already sent by (output started at /var/www/html/public/index.php:1) in /var/www/html/app/Security/Headers.php on line 12
[13-Sep-2026 05:58:44 UTC] PHP Warning:  Cannot modify header information - headers already sent by (output started at /var/www/html/public/index.php:1) in /var/www/html/app/Security/Headers.php on line 14
[13-Sep-2026 05:58:44 UTC] PHP Warning:  session_start(): Session cannot be started after headers have already been sent in /var/www/html/app/bootstrap.php on line 29
[13-Sep-2026 05:58:44 UTC] PHP Warning:  Cannot modify header information - headers already sent by (output started at /var/www/html/public/index.php:1) in /var/www/html/app/Security/Headers.php on line 6
[13-Sep-2026 05:58:44 UTC] PHP Warning:  Cannot modify header information - headers already sent by (output started at /var/www/html/public/index.php:1) in /var/www/html/app/Security/Headers.php on line 7
[13-Sep-2026 05:58:44 UTC] PHP Warning:  Cannot modify header information - headers already sent by (output started at /var/www/html/public/index.php:1) in /var/www/html/app/Security/Headers.php on line 8
[13-Sep-2026 05:58:44 UTC] PHP Warning:  Cannot modify header information - headers already sent by (output started at /var/www/html/public/index.php:1) in /var/www/html/app/Security/Headers.php on line 9
[13-Sep-2026 05:58:44 UTC] PHP Warning:  Cannot modify header information - headers already sent by (output started at /var/www/html/public/index.php:1) in /var/www/html/app/Security/Headers.php on line 10
[13-Sep-2026 05:58:44 UTC] PHP Warning:  Cannot modify header information - headers already sent by (output started at /var/www/html/public/index.php:1) in /var/www/html/app/Security/Headers.php on line 11
[13-Sep-2026 05:58:44 UTC] PHP Warning:  Cannot modify header information - headers already sent by (output started at /var/www/html/public/index.php:1) in /var/www/html/app/Security/Headers.php on line 12
[13-Sep-2026 05:58:44 UTC] PHP Warning:  Cannot modify header information - headers already sent by (output started at /var/www/html/public/index.php:1) in /var/www/html/app/Security/Headers.php on line 14
[13-Sep-2026 05:58:44 UTC] PHP Warning:  session_start(): Session cannot be started after headers have already been sent in /var/www/html/app/bootstrap.php on line 29
[13-Sep-2026 05:58:45 UTC] PHP Warning:  Cannot modify header information - headers already sent by (output started at /var/www/html/public/index.php:1) in /var/www/html/app/Security/Headers.php on line 6
[13-Sep-2026 05:58:45 UTC] PHP Warning:  Cannot modify header information - headers already sent by (output started at /var/www/html/public/index.php:1) in /var/www/html/app/Security/Headers.php on line 7
[13-Sep-2026 05:58:45 UTC] PHP Warning:  Cannot modify header information - headers already sent by (output started at /var/www/html/public/index.php:1) in /var/www/html/app/Security/Headers.php on line 8
[13-Sep-2026 05:58:45 UTC] PHP Warning:  Cannot modify header information - headers already sent by (output started at /var/www/html/public/index.php:1) in /var/www/html/app/Security/Headers.php on line 9
[13-Sep-2026 05:58:45 UTC] PHP Warning:  Cannot modify header information - headers already sent by (output started at /var/www/html/public/index.php:1) in /var/www/html/app/Security/Headers.php on line 10
[13-Sep-2026 05:58:45 UTC] PHP Warning:  Cannot modify header information - headers already sent by (output started at /var/www/html/public/index.php:1) in /var/www/html/app/Security/Headers.php on line 11
[13-Sep-2026 05:58:45 UTC] PHP Warning:  Cannot modify header information - headers already sent by (output started at /var/www/html/public/index.php:1) in /var/www/html/app/Security/Headers.php on line 12
[13-Sep-2026 05:58:45 UTC] PHP Warning:  Cannot modify header information - headers already sent by (output started at /var/www/html/public/index.php:1) in /var/www/html/app/Security/Headers.php on line 14
[13-Sep-2026 05:58:45 UTC] PHP Warning:  session_start(): Session cannot be started after headers have already been sent in /var/www/html/app/bootstrap.php on line 29
[13-Sep-2026 05:58:45 UTC] PHP Warning:  Cannot modify header information - headers already sent by (output started at /var/www/html/public/index.php:1) in /var/www/html/app/Security/Headers.php on line 6
[13-Sep-2026 05:58:45 UTC] PHP Warning:  Cannot modify header information - headers already sent by (output started at /var/www/html/public/index.php:1) in /var/www/html/app/Security/Headers.php on line 7
[13-Sep-2026 05:58:45 UTC] PHP Warning:  Cannot modify header information - headers already sent by (output started at /var/www/html/public/index.php:1) in /var/www/html/app/Security/Headers.php on line 8
[13-Sep-2026 05:58:45 UTC] PHP Warning:  Cannot modify header information - headers already sent by (output started at /var/www/html/public/index.php:1) in /var/www/html/app/Security/Headers.php on line 9
[13-Sep-2026 05:58:45 UTC] PHP Warning:  Cannot modify header information - headers already sent by (output started at /var/www/html/public/index.php:1) in /var/www/html/app/Security/Headers.php on line 10
[13-Sep-2026 05:58:45 UTC] PHP Warning:  Cannot modify header information - headers already sent by (output started at /var/www/html/public/index.php:1) in /var/www/html/app/Security/Headers.php on line 11
[13-Sep-2026 05:58:45 UTC] PHP Warning:  Cannot modify header information - headers already sent by (output started at /var/www/html/public/index.php:1) in /var/www/html/app/Security/Headers.php on line 12
[13-Sep-2026 05:58:46 UTC] PHP Warning:  Cannot modify header information - headers already sent by (output started at /var/www/html/public/index.php:1) in /var/www/html/app/Security/Headers.php on line 14
[13-Sep-2026 05:58:46 UTC] PHP Warning:  session_start(): Session cannot be started after headers have already been sent in /var/www/html/app/bootstrap.php on line 29
[13-Sep-2026 05:58:46 UTC] PHP Warning:  Cannot modify header information - headers already sent by (output started at /var/www/html/public/index.php:1) in /var/www/html/app/Security/Headers.php on line 6
[13-Sep-2026 05:58:46 UTC] PHP Warning:  Cannot modify header information - headers already sent by (output started at /var/www/html/public/index.php:1) in /var/www/html/app/Security/Headers.php on line 7
[13-Sep-2026 05:58:46 UTC] PHP Warning:  Cannot modify header information - headers already sent by (output started at /var/www/html/public/index.php:1) in /var/www/html/app/Security/Headers.php on line 8
[13-Sep-2026 05:58:46 UTC] PHP Warning:  Cannot modify header information - headers already sent by (output started at /var/www/html/public/index.php:1) in /var/www/html/app/Security/Headers.php on line 9
[13-Sep-2026 05:58:46 UTC] PHP Warning:  Cannot modify header information - headers already sent by (output started at /var/www/html/public/index.php:1) in /var/www/html/app/Security/Headers.php on line 10
[13-Sep-2026 05:58:46 UTC] PHP Warning:  Cannot modify header information - headers already sent by (output started at /var/www/html/public/index.php:1) in /var/www/html/app/Security/Headers.php on line 11
[13-Sep-2026 05:58:46 UTC] PHP Warning:  Cannot modify header information - headers already sent by (output started at /var/www/html/public/index.php:1) in /var/www/html/app/Security/Headers.php on line 12
[13-Sep-2026 05:58:46 UTC] PHP Warning:  Cannot modify header information - headers already sent by (output started at /var/www/html/public/index.php:1) in /var/www/html/app/Security/Headers.php on line 14
[13-Sep-2026 05:58:46 UTC] PHP Warning:  session_start(): Session cannot be started after headers have already been sent in /var/www/html/app/bootstrap.php on line 29
[13-Sep-2026 05:58:46 UTC] PHP Warning:  Cannot modify header information - headers already sent by (output started at /var/www/html/public/index.php:1) in /var/www/html/app/Security/Headers.php on line 6
[13-Sep-2026 05:58:46 UTC] PHP Warning:  Cannot modify header information - headers already sent by (output started at /var/www/html/public/index.php:1) in /var/www/html/app/Security/Headers.php on line 7
[13-Sep-2026 05:58:46 UTC] PHP Warning:  Cannot modify header information - headers already sent by (output started at /var/www/html/public/index.php:1) in /var/www/html/app/Security/Headers.php on line 8
[13-Sep-2026 05:58:46 UTC] PHP Warning:  Cannot modify header information - headers already sent by (output started at /var/www/html/public/index.php:1) in /var/www/html/app/Security/Headers.php on line 9
[13-Sep-2026 05:58:46 UTC] PHP Warning:  Cannot modify header information - headers already sent by (output started at /var/www/html/public/index.php:1) in /var/www/html/app/Security/Headers.php on line 10
[13-Sep-2026 05:58:46 UTC] PHP Warning:  Cannot modify header information - headers already sent by (output started at /var/www/html/public/index.php:1) in /var/www/html/app/Security/Headers.php on line 11
[13-Sep-2026 05:58:46 UTC] PHP Warning:  Cannot modify header information - headers already sent by (output started at /var/www/html/public/index.php:1) in /var/www/html/app/Security/Headers.php on line 12
[13-Sep-2026 05:58:46 UTC] PHP Warning:  Cannot modify header information - headers already sent by (output started at /var/www/html/public/index.php:1) in /var/www/html/app/Security/Headers.php on line 14
[13-Sep-2026 05:58:46 UTC] PHP Warning:  session_start(): Session cannot be started after headers have already been sent in /var/www/html/app/bootstrap.php on line 29
[13-Sep-2026 05:58:46 UTC] PHP Warning:  Cannot modify header information - headers already sent by (output started at /var/www/html/public/index.php:1) in /var/www/html/app/Security/Headers.php on line 6
[13-Sep-2026 05:58:46 UTC] PHP Warning:  Cannot modify header information - headers already sent by (output started at /var/www/html/public/index.php:1) in /var/www/html/app/Security/Headers.php on line 7
[13-Sep-2026 05:58:46 UTC] PHP Warning:  Cannot modify header information - headers already sent by (output started at /var/www/html/public/index.php:1) in /var/www/html/app/Security/Headers.php on line 8
[13-Sep-2026 05:58:46 UTC] PHP Warning:  Cannot modify header information - headers already sent by (output started at /var/www/html/public/index.php:1) in /var/www/html/app/Security/Headers.php on line 9
[13-Sep-2026 05:58:46 UTC] PHP Warning:  Cannot modify header information - headers already sent by (output started at /var/www/html/public/index.php:1) in /var/www/html/app/Security/Headers.php on line 10
[13-Sep-2026 05:58:46 UTC] PHP Warning:  Cannot modify header information - headers already sent by (output started at /var/www/html/public/index.php:1) in /var/www/html/app/Security/Headers.php on line 11
[13-Sep-2026 05:58:46 UTC] PHP Warning:  Cannot modify header information - headers already sent by (output started at /var/www/html/public/index.php:1) in /var/www/html/app/Security/Headers.php on line 12
[13-Sep-2026 05:58:46 UTC] PHP Warning:  Cannot modify header information - headers already sent by (output started at /var/www/html/public/index.php:1) in /var/www/html/app/Security/Headers.php on line 14
[13-Sep-2026 05:58:46 UTC] PHP Warning:  session_start(): Session cannot be started after headers have already been sent in /var/www/html/app/bootstrap.php on line 29
[13-Sep-2026 05:58:52 UTC] PHP Warning:  Cannot modify header information - headers already sent by (output started at /var/www/html/public/index.php:1) in /var/www/html/app/Security/Headers.php on line 6
[13-Sep-2026 05:58:52 UTC] PHP Warning:  Cannot modify header information - headers already sent by (output started at /var/www/html/public/index.php:1) in /var/www/html/app/Security/Headers.php on line 7
[13-Sep-2026 05:58:52 UTC] PHP Warning:  Cannot modify header information - headers already sent by (output started at /var/www/html/public/index.php:1) in /var/www/html/app/Security/Headers.php on line 8
[13-Sep-2026 05:58:52 UTC] PHP Warning:  Cannot modify header information - headers already sent by (output started at /var/www/html/public/index.php:1) in /var/www/html/app/Security/Headers.php on line 9
[13-Sep-2026 05:58:52 UTC] PHP Warning:  Cannot modify header information - headers already sent by (output started at /var/www/html/public/index.php:1) in /var/www/html/app/Security/Headers.php on line 10
[13-Sep-2026 05:58:52 UTC] PHP Warning:  Cannot modify header information - headers already sent by (output started at /var/www/html/public/index.php:1) in /var/www/html/app/Security/Headers.php on line 11
[13-Sep-2026 05:58:52 UTC] PHP Warning:  Cannot modify header information - headers already sent by (output started at /var/www/html/public/index.php:1) in /var/www/html/app/Security/Headers.php on line 12
[13-Sep-2026 05:58:52 UTC] PHP Warning:  Cannot modify header information - headers already sent by (output started at /var/www/html/public/index.php:1) in /var/www/html/app/Security/Headers.php on line 14
[13-Sep-2026 05:58:52 UTC] PHP Warning:  session_start(): Session cannot be started after headers have already been sent in /var/www/html/app/bootstrap.php on line 29
[13-Sep-2026 06:19:37 UTC] PHP Warning:  Cannot modify header information - headers already sent by (output started at /var/www/html/public/index.php:1) in /var/www/html/app/Security/Headers.php on line 6
[13-Sep-2026 06:19:37 UTC] PHP Warning:  Cannot modify header information - headers already sent by (output started at /var/www/html/public/index.php:1) in /var/www/html/app/Security/Headers.php on line 7
[13-Sep-2026 06:19:37 UTC] PHP Warning:  Cannot modify header information - headers already sent by (output started at /var/www/html/public/index.php:1) in /var/www/html/app/Security/Headers.php on line 8
[13-Sep-2026 06:19:37 UTC] PHP Warning:  Cannot modify header information - headers already sent by (output started at /var/www/html/public/index.php:1) in /var/www/html/app/Security/Headers.php on line 9
[13-Sep-2026 06:19:37 UTC] PHP Warning:  Cannot modify header information - headers already sent by (output started at /var/www/html/public/index.php:1) in /var/www/html/app/Security/Headers.php on line 10
[13-Sep-2026 06:19:37 UTC] PHP Warning:  Cannot modify header information - headers already sent by (output started at /var/www/html/public/index.php:1) in /var/www/html/app/Security/Headers.php on line 11
[13-Sep-2026 06:19:37 UTC] PHP Warning:  Cannot modify header information - headers already sent by (output started at /var/www/html/public/index.php:1) in /var/www/html/app/Security/Headers.php on line 12
[13-Sep-2026 06:19:37 UTC] PHP Warning:  Cannot modify header information - headers already sent by (output started at /var/www/html/public/index.php:1) in /var/www/html/app/Security/Headers.php on line 14
[13-Sep-2026 06:19:37 UTC] PHP Warning:  session_start(): Session cannot be started after headers have already been sent in /var/www/html/app/bootstrap.php on line 29
[13-Sep-2026 06:19:40 UTC] PHP Warning:  Cannot modify header information - headers already sent by (output started at /var/www/html/public/index.php:1) in /var/www/html/app/Security/Headers.php on line 6
[13-Sep-2026 06:19:40 UTC] PHP Warning:  Cannot modify header information - headers already sent by (output started at /var/www/html/public/index.php:1) in /var/www/html/app/Security/Headers.php on line 7
[13-Sep-2026 06:19:40 UTC] PHP Warning:  Cannot modify header information - headers already sent by (output started at /var/www/html/public/index.php:1) in /var/www/html/app/Security/Headers.php on line 8
[13-Sep-2026 06:19:40 UTC] PHP Warning:  Cannot modify header information - headers already sent by (output started at /var/www/html/public/index.php:1) in /var/www/html/app/Security/Headers.php on line 9
[13-Sep-2026 06:19:40 UTC] PHP Warning:  Cannot modify header information - headers already sent by (output started at /var/www/html/public/index.php:1) in /var/www/html/app/Security/Headers.php on line 10
[13-Sep-2026 06:19:40 UTC] PHP Warning:  Cannot modify header information - headers already sent by (output started at /var/www/html/public/index.php:1) in /var/www/html/app/Security/Headers.php on line 11
[13-Sep-2026 06:19:40 UTC] PHP Warning:  Cannot modify header information - headers already sent by (output started at /var/www/html/public/index.php:1) in /var/www/html/app/Security/Headers.php on line 12
[13-Sep-2026 06:19:40 UTC] PHP Warning:  Cannot modify header information - headers already sent by (output started at /var/www/html/public/index.php:1) in /var/www/html/app/Security/Headers.php on line 14
[13-Sep-2026 06:19:40 UTC] PHP Warning:  session_start(): Session cannot be started after headers have already been sent in /var/www/html/app/bootstrap.php on line 29
[13-Sep-2026 06:19:59 UTC] PHP Warning:  Cannot modify header information - headers already sent by (output started at /var/www/html/public/index.php:1) in /var/www/html/app/Security/Headers.php on line 6
[13-Sep-2026 06:19:59 UTC] PHP Warning:  Cannot modify header information - headers already sent by (output started at /var/www/html/public/index.php:1) in /var/www/html/app/Security/Headers.php on line 7
[13-Sep-2026 06:19:59 UTC] PHP Warning:  Cannot modify header information - headers already sent by (output started at /var/www/html/public/index.php:1) in /var/www/html/app/Security/Headers.php on line 8
[13-Sep-2026 06:19:59 UTC] PHP Warning:  Cannot modify header information - headers already sent by (output started at /var/www/html/public/index.php:1) in /var/www/html/app/Security/Headers.php on line 9
[13-Sep-2026 06:19:59 UTC] PHP Warning:  Cannot modify header information - headers already sent by (output started at /var/www/html/public/index.php:1) in /var/www/html/app/Security/Headers.php on line 10
[13-Sep-2026 06:19:59 UTC] PHP Warning:  Cannot modify header information - headers already sent by (output started at /var/www/html/public/index.php:1) in /var/www/html/app/Security/Headers.php on line 11
[13-Sep-2026 06:19:59 UTC] PHP Warning:  Cannot modify header information - headers already sent by (output started at /var/www/html/public/index.php:1) in /var/www/html/app/Security/Headers.php on line 12
[13-Sep-2026 06:19:59 UTC] PHP Warning:  Cannot modify header information - headers already sent by (output started at /var/www/html/public/index.php:1) in /var/www/html/app/Security/Headers.php on line 14
[13-Sep-2026 06:19:59 UTC] PHP Warning:  session_start(): Session cannot be started after headers have already been sent in /var/www/html/app/bootstrap.php on line 29
[13-Sep-2026 15:41:25 UTC] PHP Warning:  Cannot modify header information - headers already sent by (output started at /var/www/html/public/index.php:1) in /var/www/html/app/Security/Headers.php on line 6
[13-Sep-2026 15:41:26 UTC] PHP Warning:  Cannot modify header information - headers already sent by (output started at /var/www/html/public/index.php:1) in /var/www/html/app/Security/Headers.php on line 7
[13-Sep-2026 15:41:26 UTC] PHP Warning:  Cannot modify header information - headers already sent by (output started at /var/www/html/public/index.php:1) in /var/www/html/app/Security/Headers.php on line 8
[13-Sep-2026 15:41:26 UTC] PHP Warning:  Cannot modify header information - headers already sent by (output started at /var/www/html/public/index.php:1) in /var/www/html/app/Security/Headers.php on line 9
[13-Sep-2026 15:41:26 UTC] PHP Warning:  Cannot modify header information - headers already sent by (output started at /var/www/html/public/index.php:1) in /var/www/html/app/Security/Headers.php on line 10
[13-Sep-2026 15:41:26 UTC] PHP Warning:  Cannot modify header information - headers already sent by (output started at /var/www/html/public/index.php:1) in /var/www/html/app/Security/Headers.php on line 11
[13-Sep-2026 15:41:26 UTC] PHP Warning:  Cannot modify header information - headers already sent by (output started at /var/www/html/public/index.php:1) in /var/www/html/app/Security/Headers.php on line 12
[13-Sep-2026 15:41:26 UTC] PHP Warning:  Cannot modify header information - headers already sent by (output started at /var/www/html/public/index.php:1) in /var/www/html/app/Security/Headers.php on line 14
[13-Sep-2026 15:41:26 UTC] PHP Warning:  session_start(): Session cannot be started after headers have already been sent in /var/www/html/app/bootstrap.php on line 29
[13-Sep-2026 15:41:31 UTC] PHP Warning:  Cannot modify header information - headers already sent by (output started at /var/www/html/public/index.php:1) in /var/www/html/app/Security/Headers.php on line 6
[13-Sep-2026 15:41:31 UTC] PHP Warning:  Cannot modify header information - headers already sent by (output started at /var/www/html/public/index.php:1) in /var/www/html/app/Security/Headers.php on line 7
[13-Sep-2026 15:41:31 UTC] PHP Warning:  Cannot modify header information - headers already sent by (output started at /var/www/html/public/index.php:1) in /var/www/html/app/Security/Headers.php on line 8
[13-Sep-2026 15:41:31 UTC] PHP Warning:  Cannot modify header information - headers already sent by (output started at /var/www/html/public/index.php:1) in /var/www/html/app/Security/Headers.php on line 9
[13-Sep-2026 15:41:31 UTC] PHP Warning:  Cannot modify header information - headers already sent by (output started at /var/www/html/public/index.php:1) in /var/www/html/app/Security/Headers.php on line 10
[13-Sep-2026 15:41:31 UTC] PHP Warning:  Cannot modify header information - headers already sent by (output started at /var/www/html/public/index.php:1) in /var/www/html/app/Security/Headers.php on line 11
[13-Sep-2026 15:41:31 UTC] PHP Warning:  Cannot modify header information - headers already sent by (output started at /var/www/html/public/index.php:1) in /var/www/html/app/Security/Headers.php on line 12
[13-Sep-2026 15:41:31 UTC] PHP Warning:  Cannot modify header information - headers already sent by (output started at /var/www/html/public/index.php:1) in /var/www/html/app/Security/Headers.php on line 14
[13-Sep-2026 15:41:31 UTC] PHP Warning:  session_start(): Session cannot be started after headers have already been sent in /var/www/html/app/bootstrap.php on line 29
[13-Sep-2026 15:41:44 UTC] PHP Warning:  Cannot modify header information - headers already sent by (output started at /var/www/html/public/index.php:1) in /var/www/html/app/Security/Headers.php on line 6
[13-Sep-2026 15:41:44 UTC] PHP Warning:  Cannot modify header information - headers already sent by (output started at /var/www/html/public/index.php:1) in /var/www/html/app/Security/Headers.php on line 7
[13-Sep-2026 15:41:44 UTC] PHP Warning:  Cannot modify header information - headers already sent by (output started at /var/www/html/public/index.php:1) in /var/www/html/app/Security/Headers.php on line 8
[13-Sep-2026 15:41:44 UTC] PHP Warning:  Cannot modify header information - headers already sent by (output started at /var/www/html/public/index.php:1) in /var/www/html/app/Security/Headers.php on line 9
[13-Sep-2026 15:41:44 UTC] PHP Warning:  Cannot modify header information - headers already sent by (output started at /var/www/html/public/index.php:1) in /var/www/html/app/Security/Headers.php on line 10
[13-Sep-2026 15:41:44 UTC] PHP Warning:  Cannot modify header information - headers already sent by (output started at /var/www/html/public/index.php:1) in /var/www/html/app/Security/Headers.php on line 11
[13-Sep-2026 15:41:44 UTC] PHP Warning:  Cannot modify header information - headers already sent by (output started at /var/www/html/public/index.php:1) in /var/www/html/app/Security/Headers.php on line 12
[13-Sep-2026 15:41:44 UTC] PHP Warning:  Cannot modify header information - headers already sent by (output started at /var/www/html/public/index.php:1) in /var/www/html/app/Security/Headers.php on line 14
[13-Sep-2026 15:41:44 UTC] PHP Warning:  session_start(): Session cannot be started after headers have already been sent in /var/www/html/app/bootstrap.php on line 29
[13-Sep-2026 15:51:10 UTC] PHP Warning:  Cannot modify header information - headers already sent by (output started at /var/www/html/public/index.php:1) in /var/www/html/app/Security/Headers.php on line 6
[13-Sep-2026 15:51:10 UTC] PHP Warning:  Cannot modify header information - headers already sent by (output started at /var/www/html/public/index.php:1) in /var/www/html/app/Security/Headers.php on line 7
[13-Sep-2026 15:51:10 UTC] PHP Warning:  Cannot modify header information - headers already sent by (output started at /var/www/html/public/index.php:1) in /var/www/html/app/Security/Headers.php on line 8
[13-Sep-2026 15:51:10 UTC] PHP Warning:  Cannot modify header information - headers already sent by (output started at /var/www/html/public/index.php:1) in /var/www/html/app/Security/Headers.php on line 9
[13-Sep-2026 15:51:10 UTC] PHP Warning:  Cannot modify header information - headers already sent by (output started at /var/www/html/public/index.php:1) in /var/www/html/app/Security/Headers.php on line 10
[13-Sep-2026 15:51:10 UTC] PHP Warning:  Cannot modify header information - headers already sent by (output started at /var/www/html/public/index.php:1) in /var/www/html/app/Security/Headers.php on line 11
[13-Sep-2026 15:51:10 UTC] PHP Warning:  Cannot modify header information - headers already sent by (output started at /var/www/html/public/index.php:1) in /var/www/html/app/Security/Headers.php on line 12
[13-Sep-2026 15:51:10 UTC] PHP Warning:  Cannot modify header information - headers already sent by (output started at /var/www/html/public/index.php:1) in /var/www/html/app/Security/Headers.php on line 14
[13-Sep-2026 15:51:10 UTC] PHP Warning:  session_name(): Session name cannot be changed after headers have already been sent in /var/www/html/app/bootstrap.php on line 29
[13-Sep-2026 15:51:10 UTC] PHP Warning:  session_start(): Session cannot be started after headers have already been sent in /var/www/html/app/bootstrap.php on line 30
[13-Sep-2026 15:51:10 UTC] PHP Warning:  Cannot modify header information - headers already sent by (output started at /var/www/html/app/bootstrap.php:1) in /var/www/html/app/Security/Headers.php on line 6
[13-Sep-2026 15:51:10 UTC] PHP Warning:  Cannot modify header information - headers already sent by (output started at /var/www/html/app/bootstrap.php:1) in /var/www/html/app/Security/Headers.php on line 7
[13-Sep-2026 15:51:10 UTC] PHP Warning:  Cannot modify header information - headers already sent by (output started at /var/www/html/app/bootstrap.php:1) in /var/www/html/app/Security/Headers.php on line 8
[13-Sep-2026 15:51:10 UTC] PHP Warning:  Cannot modify header information - headers already sent by (output started at /var/www/html/app/bootstrap.php:1) in /var/www/html/app/Security/Headers.php on line 9
[13-Sep-2026 15:51:10 UTC] PHP Warning:  Cannot modify header information - headers already sent by (output started at /var/www/html/app/bootstrap.php:1) in /var/www/html/app/Security/Headers.php on line 10
[13-Sep-2026 15:51:10 UTC] PHP Warning:  Cannot modify header information - headers already sent by (output started at /var/www/html/app/bootstrap.php:1) in /var/www/html/app/Security/Headers.php on line 11
[13-Sep-2026 15:51:10 UTC] PHP Warning:  Cannot modify header information - headers already sent by (output started at /var/www/html/app/bootstrap.php:1) in /var/www/html/app/Security/Headers.php on line 12
[13-Sep-2026 15:51:10 UTC] PHP Warning:  Cannot modify header information - headers already sent by (output started at /var/www/html/app/bootstrap.php:1) in /var/www/html/app/Security/Headers.php on line 14
[13-Sep-2026 15:51:10 UTC] PHP Warning:  session_name(): Session name cannot be changed after headers have already been sent in /var/www/html/app/bootstrap.php on line 29
[13-Sep-2026 15:51:10 UTC] PHP Warning:  session_start(): Session cannot be started after headers have already been sent in /var/www/html/app/bootstrap.php on line 30
[13-Sep-2026 15:51:10 UTC] PHP Warning:  Cannot modify header information - headers already sent by (output started at /var/www/html/app/bootstrap.php:1) in /var/www/html/app/Security/Headers.php on line 6
[13-Sep-2026 15:51:10 UTC] PHP Warning:  Cannot modify header information - headers already sent by (output started at /var/www/html/app/bootstrap.php:1) in /var/www/html/app/Security/Headers.php on line 7
[13-Sep-2026 15:51:10 UTC] PHP Warning:  Cannot modify header information - headers already sent by (output started at /var/www/html/app/bootstrap.php:1) in /var/www/html/app/Security/Headers.php on line 8
[13-Sep-2026 15:51:10 UTC] PHP Warning:  Cannot modify header information - headers already sent by (output started at /var/www/html/app/bootstrap.php:1) in /var/www/html/app/Security/Headers.php on line 9
[13-Sep-2026 15:51:10 UTC] PHP Warning:  Cannot modify header information - headers already sent by (output started at /var/www/html/app/bootstrap.php:1) in /var/www/html/app/Security/Headers.php on line 10
[13-Sep-2026 15:51:10 UTC] PHP Warning:  Cannot modify header information - headers already sent by (output started at /var/www/html/app/bootstrap.php:1) in /var/www/html/app/Security/Headers.php on line 11
[13-Sep-2026 15:51:10 UTC] PHP Warning:  Cannot modify header information - headers already sent by (output started at /var/www/html/app/bootstrap.php:1) in /var/www/html/app/Security/Headers.php on line 12
[13-Sep-2026 15:51:10 UTC] PHP Warning:  Cannot modify header information - headers already sent by (output started at /var/www/html/app/bootstrap.php:1) in /var/www/html/app/Security/Headers.php on line 14
[13-Sep-2026 15:51:10 UTC] PHP Warning:  Cannot modify header information - headers already sent by (output started at /var/www/html/app/bootstrap.php:1) in /var/www/html/public/api.php on line 5
[13-Sep-2026 15:51:21 UTC] PHP Warning:  Cannot modify header information - headers already sent by (output started at /var/www/html/app/bootstrap.php:1) in /var/www/html/app/Security/Headers.php on line 6
[13-Sep-2026 15:51:21 UTC] PHP Warning:  Cannot modify header information - headers already sent by (output started at /var/www/html/app/bootstrap.php:1) in /var/www/html/app/Security/Headers.php on line 7
[13-Sep-2026 15:51:21 UTC] PHP Warning:  Cannot modify header information - headers already sent by (output started at /var/www/html/app/bootstrap.php:1) in /var/www/html/app/Security/Headers.php on line 8
[13-Sep-2026 15:51:21 UTC] PHP Warning:  Cannot modify header information - headers already sent by (output started at /var/www/html/app/bootstrap.php:1) in /var/www/html/app/Security/Headers.php on line 9
[13-Sep-2026 15:51:21 UTC] PHP Warning:  Cannot modify header information - headers already sent by (output started at /var/www/html/app/bootstrap.php:1) in /var/www/html/app/Security/Headers.php on line 10
[13-Sep-2026 15:51:21 UTC] PHP Warning:  Cannot modify header information - headers already sent by (output started at /var/www/html/app/bootstrap.php:1) in /var/www/html/app/Security/Headers.php on line 11
[13-Sep-2026 15:51:21 UTC] PHP Warning:  Cannot modify header information - headers already sent by (output started at /var/www/html/app/bootstrap.php:1) in /var/www/html/app/Security/Headers.php on line 12
[13-Sep-2026 15:51:21 UTC] PHP Warning:  Cannot modify header information - headers already sent by (output started at /var/www/html/app/bootstrap.php:1) in /var/www/html/app/Security/Headers.php on line 14
[13-Sep-2026 15:51:21 UTC] PHP Warning:  session_name(): Session name cannot be changed after headers have already been sent in /var/www/html/app/bootstrap.php on line 29
[13-Sep-2026 15:51:21 UTC] PHP Warning:  session_start(): Session cannot be started after headers have already been sent in /var/www/html/app/bootstrap.php on line 30
[13-Sep-2026 15:51:21 UTC] PHP Warning:  Cannot modify header information - headers already sent by (output started at /var/www/html/app/bootstrap.php:1) in /var/www/html/app/Controllers/AuthController.php on line 53
[13-Sep-2026 15:51:25 UTC] PHP Warning:  Cannot modify header information - headers already sent by (output started at /var/www/html/app/bootstrap.php:1) in /var/www/html/app/Security/Headers.php on line 6
[13-Sep-2026 15:51:25 UTC] PHP Warning:  Cannot modify header information - headers already sent by (output started at /var/www/html/app/bootstrap.php:1) in /var/www/html/app/Security/Headers.php on line 7
[13-Sep-2026 15:51:25 UTC] PHP Warning:  Cannot modify header information - headers already sent by (output started at /var/www/html/app/bootstrap.php:1) in /var/www/html/app/Security/Headers.php on line 8
[13-Sep-2026 15:51:25 UTC] PHP Warning:  Cannot modify header information - headers already sent by (output started at /var/www/html/app/bootstrap.php:1) in /var/www/html/app/Security/Headers.php on line 9
[13-Sep-2026 15:51:25 UTC] PHP Warning:  Cannot modify header information - headers already sent by (output started at /var/www/html/app/bootstrap.php:1) in /var/www/html/app/Security/Headers.php on line 10
[13-Sep-2026 15:51:25 UTC] PHP Warning:  Cannot modify header information - headers already sent by (output started at /var/www/html/app/bootstrap.php:1) in /var/www/html/app/Security/Headers.php on line 11
[13-Sep-2026 15:51:25 UTC] PHP Warning:  Cannot modify header information - headers already sent by (output started at /var/www/html/app/bootstrap.php:1) in /var/www/html/app/Security/Headers.php on line 12
[13-Sep-2026 15:51:25 UTC] PHP Warning:  Cannot modify header information - headers already sent by (output started at /var/www/html/app/bootstrap.php:1) in /var/www/html/app/Security/Headers.php on line 14
[13-Sep-2026 15:51:25 UTC] PHP Warning:  session_name(): Session name cannot be changed after headers have already been sent in /var/www/html/app/bootstrap.php on line 29
[13-Sep-2026 15:51:25 UTC] PHP Warning:  session_start(): Session cannot be started after headers have already been sent in /var/www/html/app/bootstrap.php on line 30
[13-Sep-2026 15:51:25 UTC] PHP Warning:  Cannot modify header information - headers already sent by (output started at /var/www/html/app/bootstrap.php:1) in /var/www/html/app/Controllers/AuthController.php on line 53
[13-Sep-2026 15:51:32 UTC] PHP Warning:  Cannot modify header information - headers already sent by (output started at /var/www/html/app/bootstrap.php:1) in /var/www/html/app/Security/Headers.php on line 6
[13-Sep-2026 15:51:32 UTC] PHP Warning:  Cannot modify header information - headers already sent by (output started at /var/www/html/app/bootstrap.php:1) in /var/www/html/app/Security/Headers.php on line 7
[13-Sep-2026 15:51:32 UTC] PHP Warning:  Cannot modify header information - headers already sent by (output started at /var/www/html/app/bootstrap.php:1) in /var/www/html/app/Security/Headers.php on line 8
[13-Sep-2026 15:51:32 UTC] PHP Warning:  Cannot modify header information - headers already sent by (output started at /var/www/html/app/bootstrap.php:1) in /var/www/html/app/Security/Headers.php on line 9
[13-Sep-2026 15:51:32 UTC] PHP Warning:  Cannot modify header information - headers already sent by (output started at /var/www/html/app/bootstrap.php:1) in /var/www/html/app/Security/Headers.php on line 10
[13-Sep-2026 15:51:32 UTC] PHP Warning:  Cannot modify header information - headers already sent by (output started at /var/www/html/app/bootstrap.php:1) in /var/www/html/app/Security/Headers.php on line 11
[13-Sep-2026 15:51:32 UTC] PHP Warning:  Cannot modify header information - headers already sent by (output started at /var/www/html/app/bootstrap.php:1) in /var/www/html/app/Security/Headers.php on line 12
[13-Sep-2026 15:51:32 UTC] PHP Warning:  Cannot modify header information - headers already sent by (output started at /var/www/html/app/bootstrap.php:1) in /var/www/html/app/Security/Headers.php on line 14
[13-Sep-2026 15:51:32 UTC] PHP Warning:  session_name(): Session name cannot be changed after headers have already been sent in /var/www/html/app/bootstrap.php on line 29
[13-Sep-2026 15:51:32 UTC] PHP Warning:  session_start(): Session cannot be started after headers have already been sent in /var/www/html/app/bootstrap.php on line 30
[13-Sep-2026 15:51:32 UTC] PHP Warning:  session_start(): Session cannot be started after headers have already been sent in /var/www/html/app/Security/Csrf.php on line 6
[13-Sep-2026 15:51:36 UTC] PHP Warning:  Cannot modify header information - headers already sent by (output started at /var/www/html/app/bootstrap.php:1) in /var/www/html/app/Security/Headers.php on line 6
[13-Sep-2026 15:51:36 UTC] PHP Warning:  Cannot modify header information - headers already sent by (output started at /var/www/html/app/bootstrap.php:1) in /var/www/html/app/Security/Headers.php on line 7
[13-Sep-2026 15:51:36 UTC] PHP Warning:  Cannot modify header information - headers already sent by (output started at /var/www/html/app/bootstrap.php:1) in /var/www/html/app/Security/Headers.php on line 8
[13-Sep-2026 15:51:36 UTC] PHP Warning:  Cannot modify header information - headers already sent by (output started at /var/www/html/app/bootstrap.php:1) in /var/www/html/app/Security/Headers.php on line 9
[13-Sep-2026 15:51:36 UTC] PHP Warning:  Cannot modify header information - headers already sent by (output started at /var/www/html/app/bootstrap.php:1) in /var/www/html/app/Security/Headers.php on line 10
[13-Sep-2026 15:51:36 UTC] PHP Warning:  Cannot modify header information - headers already sent by (output started at /var/www/html/app/bootstrap.php:1) in /var/www/html/app/Security/Headers.php on line 11
[13-Sep-2026 15:51:36 UTC] PHP Warning:  Cannot modify header information - headers already sent by (output started at /var/www/html/app/bootstrap.php:1) in /var/www/html/app/Security/Headers.php on line 12
[13-Sep-2026 15:51:36 UTC] PHP Warning:  Cannot modify header information - headers already sent by (output started at /var/www/html/app/bootstrap.php:1) in /var/www/html/app/Security/Headers.php on line 14
[13-Sep-2026 15:51:36 UTC] PHP Warning:  session_name(): Session name cannot be changed after headers have already been sent in /var/www/html/app/bootstrap.php on line 29
[13-Sep-2026 15:51:36 UTC] PHP Warning:  session_start(): Session cannot be started after headers have already been sent in /var/www/html/app/bootstrap.php on line 30
[13-Sep-2026 15:51:36 UTC] PHP Warning:  session_start(): Session cannot be started after headers have already been sent in /var/www/html/app/Security/Csrf.php on line 14
[13-Sep-2026 15:57:29 UTC] PHP Warning:  Cannot modify header information - headers already sent by (output started at /var/www/html/app/bootstrap.php:1) in /var/www/html/app/Security/Headers.php on line 6
[13-Sep-2026 15:57:29 UTC] PHP Warning:  Cannot modify header information - headers already sent by (output started at /var/www/html/app/bootstrap.php:1) in /var/www/html/app/Security/Headers.php on line 7
[13-Sep-2026 15:57:29 UTC] PHP Warning:  Cannot modify header information - headers already sent by (output started at /var/www/html/app/bootstrap.php:1) in /var/www/html/app/Security/Headers.php on line 8
[13-Sep-2026 15:57:29 UTC] PHP Warning:  Cannot modify header information - headers already sent by (output started at /var/www/html/app/bootstrap.php:1) in /var/www/html/app/Security/Headers.php on line 9
[13-Sep-2026 15:57:29 UTC] PHP Warning:  Cannot modify header information - headers already sent by (output started at /var/www/html/app/bootstrap.php:1) in /var/www/html/app/Security/Headers.php on line 10
[13-Sep-2026 15:57:29 UTC] PHP Warning:  Cannot modify header information - headers already sent by (output started at /var/www/html/app/bootstrap.php:1) in /var/www/html/app/Security/Headers.php on line 11
[13-Sep-2026 15:57:29 UTC] PHP Warning:  Cannot modify header information - headers already sent by (output started at /var/www/html/app/bootstrap.php:1) in /var/www/html/app/Security/Headers.php on line 12
[13-Sep-2026 15:57:29 UTC] PHP Warning:  Cannot modify header information - headers already sent by (output started at /var/www/html/app/bootstrap.php:1) in /var/www/html/app/Security/Headers.php on line 14
[13-Sep-2026 15:57:29 UTC] PHP Warning:  session_name(): Session name cannot be changed after headers have already been sent in /var/www/html/app/bootstrap.php on line 29
[13-Sep-2026 15:57:29 UTC] PHP Warning:  session_start(): Session cannot be started after headers have already been sent in /var/www/html/app/bootstrap.php on line 30
[13-Sep-2026 15:57:29 UTC] PHP Warning:  session_start(): Session cannot be started after headers have already been sent in /var/www/html/app/Security/Csrf.php on line 14
[13-Sep-2026 15:57:30 UTC] PHP Warning:  Cannot modify header information - headers already sent by (output started at /var/www/html/app/bootstrap.php:1) in /var/www/html/app/Security/Headers.php on line 6
[13-Sep-2026 15:57:30 UTC] PHP Warning:  Cannot modify header information - headers already sent by (output started at /var/www/html/app/bootstrap.php:1) in /var/www/html/app/Security/Headers.php on line 7
[13-Sep-2026 15:57:30 UTC] PHP Warning:  Cannot modify header information - headers already sent by (output started at /var/www/html/app/bootstrap.php:1) in /var/www/html/app/Security/Headers.php on line 8
[13-Sep-2026 15:57:30 UTC] PHP Warning:  Cannot modify header information - headers already sent by (output started at /var/www/html/app/bootstrap.php:1) in /var/www/html/app/Security/Headers.php on line 9
[13-Sep-2026 15:57:30 UTC] PHP Warning:  Cannot modify header information - headers already sent by (output started at /var/www/html/app/bootstrap.php:1) in /var/www/html/app/Security/Headers.php on line 10
[13-Sep-2026 15:57:30 UTC] PHP Warning:  Cannot modify header information - headers already sent by (output started at /var/www/html/app/bootstrap.php:1) in /var/www/html/app/Security/Headers.php on line 11
[13-Sep-2026 15:57:30 UTC] PHP Warning:  Cannot modify header information - headers already sent by (output started at /var/www/html/app/bootstrap.php:1) in /var/www/html/app/Security/Headers.php on line 12
[13-Sep-2026 15:57:30 UTC] PHP Warning:  Cannot modify header information - headers already sent by (output started at /var/www/html/app/bootstrap.php:1) in /var/www/html/app/Security/Headers.php on line 14
[13-Sep-2026 15:57:30 UTC] PHP Warning:  session_name(): Session name cannot be changed after headers have already been sent in /var/www/html/app/bootstrap.php on line 29
[13-Sep-2026 15:57:30 UTC] PHP Warning:  session_start(): Session cannot be started after headers have already been sent in /var/www/html/app/bootstrap.php on line 30
[13-Sep-2026 15:57:30 UTC] PHP Warning:  session_start(): Session cannot be started after headers have already been sent in /var/www/html/app/Security/Csrf.php on line 14
[13-Sep-2026 15:57:30 UTC] PHP Warning:  Cannot modify header information - headers already sent by (output started at /var/www/html/app/bootstrap.php:1) in /var/www/html/app/Security/Headers.php on line 6
[13-Sep-2026 15:57:30 UTC] PHP Warning:  Cannot modify header information - headers already sent by (output started at /var/www/html/app/bootstrap.php:1) in /var/www/html/app/Security/Headers.php on line 7
[13-Sep-2026 15:57:30 UTC] PHP Warning:  Cannot modify header information - headers already sent by (output started at /var/www/html/app/bootstrap.php:1) in /var/www/html/app/Security/Headers.php on line 8
[13-Sep-2026 15:57:30 UTC] PHP Warning:  Cannot modify header information - headers already sent by (output started at /var/www/html/app/bootstrap.php:1) in /var/www/html/app/Security/Headers.php on line 9
[13-Sep-2026 15:57:30 UTC] PHP Warning:  Cannot modify header information - headers already sent by (output started at /var/www/html/app/bootstrap.php:1) in /var/www/html/app/Security/Headers.php on line 10
[13-Sep-2026 15:57:30 UTC] PHP Warning:  Cannot modify header information - headers already sent by (output started at /var/www/html/app/bootstrap.php:1) in /var/www/html/app/Security/Headers.php on line 11
[13-Sep-2026 15:57:30 UTC] PHP Warning:  Cannot modify header information - headers already sent by (output started at /var/www/html/app/bootstrap.php:1) in /var/www/html/app/Security/Headers.php on line 12
[13-Sep-2026 15:57:30 UTC] PHP Warning:  Cannot modify header information - headers already sent by (output started at /var/www/html/app/bootstrap.php:1) in /var/www/html/app/Security/Headers.php on line 14
[13-Sep-2026 15:57:30 UTC] PHP Warning:  session_name(): Session name cannot be changed after headers have already been sent in /var/www/html/app/bootstrap.php on line 29
[13-Sep-2026 15:57:30 UTC] PHP Warning:  session_start(): Session cannot be started after headers have already been sent in /var/www/html/app/bootstrap.php on line 30
[13-Sep-2026 15:57:30 UTC] PHP Warning:  session_start(): Session cannot be started after headers have already been sent in /var/www/html/app/Security/Csrf.php on line 14
[13-Sep-2026 15:57:31 UTC] PHP Warning:  Cannot modify header information - headers already sent by (output started at /var/www/html/app/bootstrap.php:1) in /var/www/html/app/Security/Headers.php on line 6
[13-Sep-2026 15:57:31 UTC] PHP Warning:  Cannot modify header information - headers already sent by (output started at /var/www/html/app/bootstrap.php:1) in /var/www/html/app/Security/Headers.php on line 7
[13-Sep-2026 15:57:31 UTC] PHP Warning:  Cannot modify header information - headers already sent by (output started at /var/www/html/app/bootstrap.php:1) in /var/www/html/app/Security/Headers.php on line 8
[13-Sep-2026 15:57:31 UTC] PHP Warning:  Cannot modify header information - headers already sent by (output started at /var/www/html/app/bootstrap.php:1) in /var/www/html/app/Security/Headers.php on line 9
[13-Sep-2026 15:57:31 UTC] PHP Warning:  Cannot modify header information - headers already sent by (output started at /var/www/html/app/bootstrap.php:1) in /var/www/html/app/Security/Headers.php on line 10
[13-Sep-2026 15:57:31 UTC] PHP Warning:  Cannot modify header information - headers already sent by (output started at /var/www/html/app/bootstrap.php:1) in /var/www/html/app/Security/Headers.php on line 11
[13-Sep-2026 15:57:31 UTC] PHP Warning:  Cannot modify header information - headers already sent by (output started at /var/www/html/app/bootstrap.php:1) in /var/www/html/app/Security/Headers.php on line 12
[13-Sep-2026 15:57:31 UTC] PHP Warning:  Cannot modify header information - headers already sent by (output started at /var/www/html/app/bootstrap.php:1) in /var/www/html/app/Security/Headers.php on line 14
[13-Sep-2026 15:57:31 UTC] PHP Warning:  session_name(): Session name cannot be changed after headers have already been sent in /var/www/html/app/bootstrap.php on line 29
[13-Sep-2026 15:57:31 UTC] PHP Warning:  session_start(): Session cannot be started after headers have already been sent in /var/www/html/app/bootstrap.php on line 30
[13-Sep-2026 15:57:31 UTC] PHP Warning:  session_start(): Session cannot be started after headers have already been sent in /var/www/html/app/Security/Csrf.php on line 14
[13-Sep-2026 15:57:31 UTC] PHP Warning:  Cannot modify header information - headers already sent by (output started at /var/www/html/app/bootstrap.php:1) in /var/www/html/app/Security/Headers.php on line 6
[13-Sep-2026 15:57:31 UTC] PHP Warning:  Cannot modify header information - headers already sent by (output started at /var/www/html/app/bootstrap.php:1) in /var/www/html/app/Security/Headers.php on line 7
[13-Sep-2026 15:57:31 UTC] PHP Warning:  Cannot modify header information - headers already sent by (output started at /var/www/html/app/bootstrap.php:1) in /var/www/html/app/Security/Headers.php on line 8
[13-Sep-2026 15:57:31 UTC] PHP Warning:  Cannot modify header information - headers already sent by (output started at /var/www/html/app/bootstrap.php:1) in /var/www/html/app/Security/Headers.php on line 9
[13-Sep-2026 15:57:31 UTC] PHP Warning:  Cannot modify header information - headers already sent by (output started at /var/www/html/app/bootstrap.php:1) in /var/www/html/app/Security/Headers.php on line 10
[13-Sep-2026 15:57:31 UTC] PHP Warning:  Cannot modify header information - headers already sent by (output started at /var/www/html/app/bootstrap.php:1) in /var/www/html/app/Security/Headers.php on line 11
[13-Sep-2026 15:57:31 UTC] PHP Warning:  Cannot modify header information - headers already sent by (output started at /var/www/html/app/bootstrap.php:1) in /var/www/html/app/Security/Headers.php on line 12
[13-Sep-2026 15:57:31 UTC] PHP Warning:  Cannot modify header information - headers already sent by (output started at /var/www/html/app/bootstrap.php:1) in /var/www/html/app/Security/Headers.php on line 14
[13-Sep-2026 15:57:31 UTC] PHP Warning:  session_name(): Session name cannot be changed after headers have already been sent in /var/www/html/app/bootstrap.php on line 29
[13-Sep-2026 15:57:31 UTC] PHP Warning:  session_start(): Session cannot be started after headers have already been sent in /var/www/html/app/bootstrap.php on line 30
[13-Sep-2026 15:57:31 UTC] PHP Warning:  session_start(): Session cannot be started after headers have already been sent in /var/www/html/app/Security/Csrf.php on line 14
[13-Sep-2026 15:57:36 UTC] PHP Warning:  Cannot modify header information - headers already sent by (output started at /var/www/html/app/bootstrap.php:1) in /var/www/html/app/Security/Headers.php on line 6
[13-Sep-2026 15:57:36 UTC] PHP Warning:  Cannot modify header information - headers already sent by (output started at /var/www/html/app/bootstrap.php:1) in /var/www/html/app/Security/Headers.php on line 7
[13-Sep-2026 15:57:36 UTC] PHP Warning:  Cannot modify header information - headers already sent by (output started at /var/www/html/app/bootstrap.php:1) in /var/www/html/app/Security/Headers.php on line 8
[13-Sep-2026 15:57:36 UTC] PHP Warning:  Cannot modify header information - headers already sent by (output started at /var/www/html/app/bootstrap.php:1) in /var/www/html/app/Security/Headers.php on line 9
[13-Sep-2026 15:57:36 UTC] PHP Warning:  Cannot modify header information - headers already sent by (output started at /var/www/html/app/bootstrap.php:1) in /var/www/html/app/Security/Headers.php on line 10
[13-Sep-2026 15:57:36 UTC] PHP Warning:  Cannot modify header information - headers already sent by (output started at /var/www/html/app/bootstrap.php:1) in /var/www/html/app/Security/Headers.php on line 11
[13-Sep-2026 15:57:36 UTC] PHP Warning:  Cannot modify header information - headers already sent by (output started at /var/www/html/app/bootstrap.php:1) in /var/www/html/app/Security/Headers.php on line 12
[13-Sep-2026 15:57:36 UTC] PHP Warning:  Cannot modify header information - headers already sent by (output started at /var/www/html/app/bootstrap.php:1) in /var/www/html/app/Security/Headers.php on line 14
[13-Sep-2026 15:57:36 UTC] PHP Warning:  session_name(): Session name cannot be changed after headers have already been sent in /var/www/html/app/bootstrap.php on line 29
[13-Sep-2026 15:57:36 UTC] PHP Warning:  session_start(): Session cannot be started after headers have already been sent in /var/www/html/app/bootstrap.php on line 30
[13-Sep-2026 15:57:36 UTC] PHP Warning:  session_start(): Session cannot be started after headers have already been sent in /var/www/html/app/Security/Csrf.php on line 6
[13-Sep-2026 15:57:40 UTC] PHP Warning:  Cannot modify header information - headers already sent by (output started at /var/www/html/app/bootstrap.php:1) in /var/www/html/app/Security/Headers.php on line 6
[13-Sep-2026 15:57:40 UTC] PHP Warning:  Cannot modify header information - headers already sent by (output started at /var/www/html/app/bootstrap.php:1) in /var/www/html/app/Security/Headers.php on line 7
[13-Sep-2026 15:57:40 UTC] PHP Warning:  Cannot modify header information - headers already sent by (output started at /var/www/html/app/bootstrap.php:1) in /var/www/html/app/Security/Headers.php on line 8
[13-Sep-2026 15:57:40 UTC] PHP Warning:  Cannot modify header information - headers already sent by (output started at /var/www/html/app/bootstrap.php:1) in /var/www/html/app/Security/Headers.php on line 9
[13-Sep-2026 15:57:40 UTC] PHP Warning:  Cannot modify header information - headers already sent by (output started at /var/www/html/app/bootstrap.php:1) in /var/www/html/app/Security/Headers.php on line 10
[13-Sep-2026 15:57:40 UTC] PHP Warning:  Cannot modify header information - headers already sent by (output started at /var/www/html/app/bootstrap.php:1) in /var/www/html/app/Security/Headers.php on line 11
[13-Sep-2026 15:57:40 UTC] PHP Warning:  Cannot modify header information - headers already sent by (output started at /var/www/html/app/bootstrap.php:1) in /var/www/html/app/Security/Headers.php on line 12
[13-Sep-2026 15:57:40 UTC] PHP Warning:  Cannot modify header information - headers already sent by (output started at /var/www/html/app/bootstrap.php:1) in /var/www/html/app/Security/Headers.php on line 14
[13-Sep-2026 15:57:40 UTC] PHP Warning:  session_name(): Session name cannot be changed after headers have already been sent in /var/www/html/app/bootstrap.php on line 29
[13-Sep-2026 15:57:40 UTC] PHP Warning:  session_start(): Session cannot be started after headers have already been sent in /var/www/html/app/bootstrap.php on line 30
[13-Sep-2026 15:57:40 UTC] PHP Warning:  session_start(): Session cannot be started after headers have already been sent in /var/www/html/app/Security/Csrf.php on line 14
[13-Sep-2026 15:57:53 UTC] PHP Warning:  Cannot modify header information - headers already sent by (output started at /var/www/html/app/bootstrap.php:1) in /var/www/html/app/Security/Headers.php on line 6
[13-Sep-2026 15:57:53 UTC] PHP Warning:  Cannot modify header information - headers already sent by (output started at /var/www/html/app/bootstrap.php:1) in /var/www/html/app/Security/Headers.php on line 7
[13-Sep-2026 15:57:53 UTC] PHP Warning:  Cannot modify header information - headers already sent by (output started at /var/www/html/app/bootstrap.php:1) in /var/www/html/app/Security/Headers.php on line 8
[13-Sep-2026 15:57:53 UTC] PHP Warning:  Cannot modify header information - headers already sent by (output started at /var/www/html/app/bootstrap.php:1) in /var/www/html/app/Security/Headers.php on line 9
[13-Sep-2026 15:57:53 UTC] PHP Warning:  Cannot modify header information - headers already sent by (output started at /var/www/html/app/bootstrap.php:1) in /var/www/html/app/Security/Headers.php on line 10
[13-Sep-2026 15:57:53 UTC] PHP Warning:  Cannot modify header information - headers already sent by (output started at /var/www/html/app/bootstrap.php:1) in /var/www/html/app/Security/Headers.php on line 11
[13-Sep-2026 15:57:53 UTC] PHP Warning:  Cannot modify header information - headers already sent by (output started at /var/www/html/app/bootstrap.php:1) in /var/www/html/app/Security/Headers.php on line 12
[13-Sep-2026 15:57:53 UTC] PHP Warning:  Cannot modify header information - headers already sent by (output started at /var/www/html/app/bootstrap.php:1) in /var/www/html/app/Security/Headers.php on line 14
[13-Sep-2026 15:57:53 UTC] PHP Warning:  session_name(): Session name cannot be changed after headers have already been sent in /var/www/html/app/bootstrap.php on line 29
[13-Sep-2026 15:57:53 UTC] PHP Warning:  session_start(): Session cannot be started after headers have already been sent in /var/www/html/app/bootstrap.php on line 30
[13-Sep-2026 15:57:53 UTC] PHP Warning:  session_start(): Session cannot be started after headers have already been sent in /var/www/html/app/Security/Csrf.php on line 14
[13-Sep-2026 15:57:53 UTC] PHP Warning:  Cannot modify header information - headers already sent by (output started at /var/www/html/app/bootstrap.php:1) in /var/www/html/app/Security/Headers.php on line 6
[13-Sep-2026 15:57:53 UTC] PHP Warning:  Cannot modify header information - headers already sent by (output started at /var/www/html/app/bootstrap.php:1) in /var/www/html/app/Security/Headers.php on line 7
[13-Sep-2026 15:57:53 UTC] PHP Warning:  Cannot modify header information - headers already sent by (output started at /var/www/html/app/bootstrap.php:1) in /var/www/html/app/Security/Headers.php on line 8
[13-Sep-2026 15:57:53 UTC] PHP Warning:  Cannot modify header information - headers already sent by (output started at /var/www/html/app/bootstrap.php:1) in /var/www/html/app/Security/Headers.php on line 9
[13-Sep-2026 15:57:53 UTC] PHP Warning:  Cannot modify header information - headers already sent by (output started at /var/www/html/app/bootstrap.php:1) in /var/www/html/app/Security/Headers.php on line 10
[13-Sep-2026 15:57:53 UTC] PHP Warning:  Cannot modify header information - headers already sent by (output started at /var/www/html/app/bootstrap.php:1) in /var/www/html/app/Security/Headers.php on line 11
[13-Sep-2026 15:57:54 UTC] PHP Warning:  Cannot modify header information - headers already sent by (output started at /var/www/html/app/bootstrap.php:1) in /var/www/html/app/Security/Headers.php on line 12
[13-Sep-2026 15:57:54 UTC] PHP Warning:  Cannot modify header information - headers already sent by (output started at /var/www/html/app/bootstrap.php:1) in /var/www/html/app/Security/Headers.php on line 14
[13-Sep-2026 15:57:54 UTC] PHP Warning:  session_name(): Session name cannot be changed after headers have already been sent in /var/www/html/app/bootstrap.php on line 29
[13-Sep-2026 15:57:54 UTC] PHP Warning:  session_start(): Session cannot be started after headers have already been sent in /var/www/html/app/bootstrap.php on line 30
[13-Sep-2026 15:57:54 UTC] PHP Warning:  session_start(): Session cannot be started after headers have already been sent in /var/www/html/app/Security/Csrf.php on line 14
[13-Sep-2026 15:57:54 UTC] PHP Warning:  Cannot modify header information - headers already sent by (output started at /var/www/html/app/bootstrap.php:1) in /var/www/html/app/Security/Headers.php on line 6
[13-Sep-2026 15:57:54 UTC] PHP Warning:  Cannot modify header information - headers already sent by (output started at /var/www/html/app/bootstrap.php:1) in /var/www/html/app/Security/Headers.php on line 7
[13-Sep-2026 15:57:54 UTC] PHP Warning:  Cannot modify header information - headers already sent by (output started at /var/www/html/app/bootstrap.php:1) in /var/www/html/app/Security/Headers.php on line 8
[13-Sep-2026 15:57:54 UTC] PHP Warning:  Cannot modify header information - headers already sent by (output started at /var/www/html/app/bootstrap.php:1) in /var/www/html/app/Security/Headers.php on line 9
[13-Sep-2026 15:57:54 UTC] PHP Warning:  Cannot modify header information - headers already sent by (output started at /var/www/html/app/bootstrap.php:1) in /var/www/html/app/Security/Headers.php on line 10
[13-Sep-2026 15:57:54 UTC] PHP Warning:  Cannot modify header information - headers already sent by (output started at /var/www/html/app/bootstrap.php:1) in /var/www/html/app/Security/Headers.php on line 11
[13-Sep-2026 15:57:54 UTC] PHP Warning:  Cannot modify header information - headers already sent by (output started at /var/www/html/app/bootstrap.php:1) in /var/www/html/app/Security/Headers.php on line 12
[13-Sep-2026 15:57:54 UTC] PHP Warning:  Cannot modify header information - headers already sent by (output started at /var/www/html/app/bootstrap.php:1) in /var/www/html/app/Security/Headers.php on line 14
[13-Sep-2026 15:57:54 UTC] PHP Warning:  session_name(): Session name cannot be changed after headers have already been sent in /var/www/html/app/bootstrap.php on line 29
[13-Sep-2026 15:57:54 UTC] PHP Warning:  session_start(): Session cannot be started after headers have already been sent in /var/www/html/app/bootstrap.php on line 30
[13-Sep-2026 15:57:54 UTC] PHP Warning:  session_start(): Session cannot be started after headers have already been sent in /var/www/html/app/Security/Csrf.php on line 14
[13-Sep-2026 15:57:54 UTC] PHP Warning:  Cannot modify header information - headers already sent by (output started at /var/www/html/app/bootstrap.php:1) in /var/www/html/app/Security/Headers.php on line 6
[13-Sep-2026 15:57:54 UTC] PHP Warning:  Cannot modify header information - headers already sent by (output started at /var/www/html/app/bootstrap.php:1) in /var/www/html/app/Security/Headers.php on line 7
[13-Sep-2026 15:57:54 UTC] PHP Warning:  Cannot modify header information - headers already sent by (output started at /var/www/html/app/bootstrap.php:1) in /var/www/html/app/Security/Headers.php on line 8
[13-Sep-2026 15:57:54 UTC] PHP Warning:  Cannot modify header information - headers already sent by (output started at /var/www/html/app/bootstrap.php:1) in /var/www/html/app/Security/Headers.php on line 9
[13-Sep-2026 15:57:54 UTC] PHP Warning:  Cannot modify header information - headers already sent by (output started at /var/www/html/app/bootstrap.php:1) in /var/www/html/app/Security/Headers.php on line 10
[13-Sep-2026 15:57:54 UTC] PHP Warning:  Cannot modify header information - headers already sent by (output started at /var/www/html/app/bootstrap.php:1) in /var/www/html/app/Security/Headers.php on line 11
[13-Sep-2026 15:57:54 UTC] PHP Warning:  Cannot modify header information - headers already sent by (output started at /var/www/html/app/bootstrap.php:1) in /var/www/html/app/Security/Headers.php on line 12
[13-Sep-2026 15:57:54 UTC] PHP Warning:  Cannot modify header information - headers already sent by (output started at /var/www/html/app/bootstrap.php:1) in /var/www/html/app/Security/Headers.php on line 14
[13-Sep-2026 15:57:54 UTC] PHP Warning:  session_name(): Session name cannot be changed after headers have already been sent in /var/www/html/app/bootstrap.php on line 29
[13-Sep-2026 15:57:54 UTC] PHP Warning:  session_start(): Session cannot be started after headers have already been sent in /var/www/html/app/bootstrap.php on line 30
[13-Sep-2026 15:57:54 UTC] PHP Warning:  session_start(): Session cannot be started after headers have already been sent in /var/www/html/app/Security/Csrf.php on line 14
[13-Sep-2026 15:57:54 UTC] PHP Warning:  Cannot modify header information - headers already sent by (output started at /var/www/html/app/bootstrap.php:1) in /var/www/html/app/Security/Headers.php on line 6
[13-Sep-2026 15:57:54 UTC] PHP Warning:  Cannot modify header information - headers already sent by (output started at /var/www/html/app/bootstrap.php:1) in /var/www/html/app/Security/Headers.php on line 7
[13-Sep-2026 15:57:54 UTC] PHP Warning:  Cannot modify header information - headers already sent by (output started at /var/www/html/app/bootstrap.php:1) in /var/www/html/app/Security/Headers.php on line 8
[13-Sep-2026 15:57:55 UTC] PHP Warning:  Cannot modify header information - headers already sent by (output started at /var/www/html/app/bootstrap.php:1) in /var/www/html/app/Security/Headers.php on line 9
[13-Sep-2026 15:57:55 UTC] PHP Warning:  Cannot modify header information - headers already sent by (output started at /var/www/html/app/bootstrap.php:1) in /var/www/html/app/Security/Headers.php on line 10
[13-Sep-2026 15:57:55 UTC] PHP Warning:  Cannot modify header information - headers already sent by (output started at /var/www/html/app/bootstrap.php:1) in /var/www/html/app/Security/Headers.php on line 11
[13-Sep-2026 15:57:55 UTC] PHP Warning:  Cannot modify header information - headers already sent by (output started at /var/www/html/app/bootstrap.php:1) in /var/www/html/app/Security/Headers.php on line 12
[13-Sep-2026 15:57:55 UTC] PHP Warning:  Cannot modify header information - headers already sent by (output started at /var/www/html/app/bootstrap.php:1) in /var/www/html/app/Security/Headers.php on line 14
[13-Sep-2026 15:57:55 UTC] PHP Warning:  session_name(): Session name cannot be changed after headers have already been sent in /var/www/html/app/bootstrap.php on line 29
[13-Sep-2026 15:57:55 UTC] PHP Warning:  session_start(): Session cannot be started after headers have already been sent in /var/www/html/app/bootstrap.php on line 30
[13-Sep-2026 15:57:55 UTC] PHP Warning:  session_start(): Session cannot be started after headers have already been sent in /var/www/html/app/Security/Csrf.php on line 14
[13-Sep-2026 15:57:55 UTC] PHP Warning:  Cannot modify header information - headers already sent by (output started at /var/www/html/app/bootstrap.php:1) in /var/www/html/app/Security/Headers.php on line 6
[13-Sep-2026 15:57:55 UTC] PHP Warning:  Cannot modify header information - headers already sent by (output started at /var/www/html/app/bootstrap.php:1) in /var/www/html/app/Security/Headers.php on line 7
[13-Sep-2026 15:57:55 UTC] PHP Warning:  Cannot modify header information - headers already sent by (output started at /var/www/html/app/bootstrap.php:1) in /var/www/html/app/Security/Headers.php on line 8
[13-Sep-2026 15:57:55 UTC] PHP Warning:  Cannot modify header information - headers already sent by (output started at /var/www/html/app/bootstrap.php:1) in /var/www/html/app/Security/Headers.php on line 9
[13-Sep-2026 15:57:55 UTC] PHP Warning:  Cannot modify header information - headers already sent by (output started at /var/www/html/app/bootstrap.php:1) in /var/www/html/app/Security/Headers.php on line 10
[13-Sep-2026 15:57:55 UTC] PHP Warning:  Cannot modify header information - headers already sent by (output started at /var/www/html/app/bootstrap.php:1) in /var/www/html/app/Security/Headers.php on line 11
[13-Sep-2026 15:57:55 UTC] PHP Warning:  Cannot modify header information - headers already sent by (output started at /var/www/html/app/bootstrap.php:1) in /var/www/html/app/Security/Headers.php on line 12
[13-Sep-2026 15:57:55 UTC] PHP Warning:  Cannot modify header information - headers already sent by (output started at /var/www/html/app/bootstrap.php:1) in /var/www/html/app/Security/Headers.php on line 14
[13-Sep-2026 15:57:55 UTC] PHP Warning:  session_name(): Session name cannot be changed after headers have already been sent in /var/www/html/app/bootstrap.php on line 29
[13-Sep-2026 15:57:55 UTC] PHP Warning:  session_start(): Session cannot be started after headers have already been sent in /var/www/html/app/bootstrap.php on line 30
[13-Sep-2026 15:57:55 UTC] PHP Warning:  session_start(): Session cannot be started after headers have already been sent in /var/www/html/app/Security/Csrf.php on line 14
[13-Sep-2026 15:57:55 UTC] PHP Warning:  Cannot modify header information - headers already sent by (output started at /var/www/html/app/bootstrap.php:1) in /var/www/html/app/Security/Headers.php on line 6
[13-Sep-2026 15:57:55 UTC] PHP Warning:  Cannot modify header information - headers already sent by (output started at /var/www/html/app/bootstrap.php:1) in /var/www/html/app/Security/Headers.php on line 7
[13-Sep-2026 15:57:55 UTC] PHP Warning:  Cannot modify header information - headers already sent by (output started at /var/www/html/app/bootstrap.php:1) in /var/www/html/app/Security/Headers.php on line 8
[13-Sep-2026 15:57:55 UTC] PHP Warning:  Cannot modify header information - headers already sent by (output started at /var/www/html/app/bootstrap.php:1) in /var/www/html/app/Security/Headers.php on line 9
[13-Sep-2026 15:57:55 UTC] PHP Warning:  Cannot modify header information - headers already sent by (output started at /var/www/html/app/bootstrap.php:1) in /var/www/html/app/Security/Headers.php on line 10
[13-Sep-2026 15:57:55 UTC] PHP Warning:  Cannot modify header information - headers already sent by (output started at /var/www/html/app/bootstrap.php:1) in /var/www/html/app/Security/Headers.php on line 11
[13-Sep-2026 15:57:55 UTC] PHP Warning:  Cannot modify header information - headers already sent by (output started at /var/www/html/app/bootstrap.php:1) in /var/www/html/app/Security/Headers.php on line 12
[13-Sep-2026 15:57:55 UTC] PHP Warning:  Cannot modify header information - headers already sent by (output started at /var/www/html/app/bootstrap.php:1) in /var/www/html/app/Security/Headers.php on line 14
[13-Sep-2026 15:57:55 UTC] PHP Warning:  session_name(): Session name cannot be changed after headers have already been sent in /var/www/html/app/bootstrap.php on line 29
[13-Sep-2026 15:57:55 UTC] PHP Warning:  session_start(): Session cannot be started after headers have already been sent in /var/www/html/app/bootstrap.php on line 30
[13-Sep-2026 15:57:55 UTC] PHP Warning:  session_start(): Session cannot be started after headers have already been sent in /var/www/html/app/Security/Csrf.php on line 14
[13-Sep-2026 15:57:56 UTC] PHP Warning:  Cannot modify header information - headers already sent by (output started at /var/www/html/app/bootstrap.php:1) in /var/www/html/app/Security/Headers.php on line 6
[13-Sep-2026 15:57:56 UTC] PHP Warning:  Cannot modify header information - headers already sent by (output started at /var/www/html/app/bootstrap.php:1) in /var/www/html/app/Security/Headers.php on line 7
[13-Sep-2026 15:57:56 UTC] PHP Warning:  Cannot modify header information - headers already sent by (output started at /var/www/html/app/bootstrap.php:1) in /var/www/html/app/Security/Headers.php on line 8
[13-Sep-2026 15:57:56 UTC] PHP Warning:  Cannot modify header information - headers already sent by (output started at /var/www/html/app/bootstrap.php:1) in /var/www/html/app/Security/Headers.php on line 9
[13-Sep-2026 15:57:56 UTC] PHP Warning:  Cannot modify header information - headers already sent by (output started at /var/www/html/app/bootstrap.php:1) in /var/www/html/app/Security/Headers.php on line 10
[13-Sep-2026 15:57:56 UTC] PHP Warning:  Cannot modify header information - headers already sent by (output started at /var/www/html/app/bootstrap.php:1) in /var/www/html/app/Security/Headers.php on line 11
[13-Sep-2026 15:57:56 UTC] PHP Warning:  Cannot modify header information - headers already sent by (output started at /var/www/html/app/bootstrap.php:1) in /var/www/html/app/Security/Headers.php on line 12
[13-Sep-2026 15:57:56 UTC] PHP Warning:  Cannot modify header information - headers already sent by (output started at /var/www/html/app/bootstrap.php:1) in /var/www/html/app/Security/Headers.php on line 14
[13-Sep-2026 15:57:56 UTC] PHP Warning:  session_name(): Session name cannot be changed after headers have already been sent in /var/www/html/app/bootstrap.php on line 29
[13-Sep-2026 15:57:56 UTC] PHP Warning:  session_start(): Session cannot be started after headers have already been sent in /var/www/html/app/bootstrap.php on line 30
[13-Sep-2026 15:57:56 UTC] PHP Warning:  session_start(): Session cannot be started after headers have already been sent in /var/www/html/app/Security/Csrf.php on line 14
[13-Sep-2026 15:57:58 UTC] PHP Warning:  Cannot modify header information - headers already sent by (output started at /var/www/html/app/bootstrap.php:1) in /var/www/html/app/Security/Headers.php on line 6
[13-Sep-2026 15:57:58 UTC] PHP Warning:  Cannot modify header information - headers already sent by (output started at /var/www/html/app/bootstrap.php:1) in /var/www/html/app/Security/Headers.php on line 7
[13-Sep-2026 15:57:58 UTC] PHP Warning:  Cannot modify header information - headers already sent by (output started at /var/www/html/app/bootstrap.php:1) in /var/www/html/app/Security/Headers.php on line 8
[13-Sep-2026 15:57:58 UTC] PHP Warning:  Cannot modify header information - headers already sent by (output started at /var/www/html/app/bootstrap.php:1) in /var/www/html/app/Security/Headers.php on line 9
[13-Sep-2026 15:57:58 UTC] PHP Warning:  Cannot modify header information - headers already sent by (output started at /var/www/html/app/bootstrap.php:1) in /var/www/html/app/Security/Headers.php on line 10
[13-Sep-2026 15:57:58 UTC] PHP Warning:  Cannot modify header information - headers already sent by (output started at /var/www/html/app/bootstrap.php:1) in /var/www/html/app/Security/Headers.php on line 11
[13-Sep-2026 15:57:58 UTC] PHP Warning:  Cannot modify header information - headers already sent by (output started at /var/www/html/app/bootstrap.php:1) in /var/www/html/app/Security/Headers.php on line 12
[13-Sep-2026 15:57:58 UTC] PHP Warning:  Cannot modify header information - headers already sent by (output started at /var/www/html/app/bootstrap.php:1) in /var/www/html/app/Security/Headers.php on line 14
[13-Sep-2026 15:57:58 UTC] PHP Warning:  session_name(): Session name cannot be changed after headers have already been sent in /var/www/html/app/bootstrap.php on line 29
[13-Sep-2026 15:57:58 UTC] PHP Warning:  session_start(): Session cannot be started after headers have already been sent in /var/www/html/app/bootstrap.php on line 30
[13-Sep-2026 15:57:58 UTC] PHP Warning:  session_start(): Session cannot be started after headers have already been sent in /var/www/html/app/Security/Csrf.php on line 14
[13-Sep-2026 15:57:59 UTC] PHP Warning:  Cannot modify header information - headers already sent by (output started at /var/www/html/app/bootstrap.php:1) in /var/www/html/app/Security/Headers.php on line 6
[13-Sep-2026 15:57:59 UTC] PHP Warning:  Cannot modify header information - headers already sent by (output started at /var/www/html/app/bootstrap.php:1) in /var/www/html/app/Security/Headers.php on line 7
[13-Sep-2026 15:57:59 UTC] PHP Warning:  Cannot modify header information - headers already sent by (output started at /var/www/html/app/bootstrap.php:1) in /var/www/html/app/Security/Headers.php on line 8
[13-Sep-2026 15:57:59 UTC] PHP Warning:  Cannot modify header information - headers already sent by (output started at /var/www/html/app/bootstrap.php:1) in /var/www/html/app/Security/Headers.php on line 9
[13-Sep-2026 15:57:59 UTC] PHP Warning:  Cannot modify header information - headers already sent by (output started at /var/www/html/app/bootstrap.php:1) in /var/www/html/app/Security/Headers.php on line 10
[13-Sep-2026 15:57:59 UTC] PHP Warning:  Cannot modify header information - headers already sent by (output started at /var/www/html/app/bootstrap.php:1) in /var/www/html/app/Security/Headers.php on line 11
[13-Sep-2026 15:57:59 UTC] PHP Warning:  Cannot modify header information - headers already sent by (output started at /var/www/html/app/bootstrap.php:1) in /var/www/html/app/Security/Headers.php on line 12
[13-Sep-2026 15:57:59 UTC] PHP Warning:  Cannot modify header information - headers already sent by (output started at /var/www/html/app/bootstrap.php:1) in /var/www/html/app/Security/Headers.php on line 14
[13-Sep-2026 15:57:59 UTC] PHP Warning:  session_name(): Session name cannot be changed after headers have already been sent in /var/www/html/app/bootstrap.php on line 29
[13-Sep-2026 15:57:59 UTC] PHP Warning:  session_start(): Session cannot be started after headers have already been sent in /var/www/html/app/bootstrap.php on line 30
[13-Sep-2026 15:57:59 UTC] PHP Warning:  session_start(): Session cannot be started after headers have already been sent in /var/www/html/app/Security/Csrf.php on line 14
[13-Sep-2026 15:57:59 UTC] PHP Warning:  Cannot modify header information - headers already sent by (output started at /var/www/html/app/bootstrap.php:1) in /var/www/html/app/Security/Headers.php on line 6
[13-Sep-2026 15:57:59 UTC] PHP Warning:  Cannot modify header information - headers already sent by (output started at /var/www/html/app/bootstrap.php:1) in /var/www/html/app/Security/Headers.php on line 7
[13-Sep-2026 15:57:59 UTC] PHP Warning:  Cannot modify header information - headers already sent by (output started at /var/www/html/app/bootstrap.php:1) in /var/www/html/app/Security/Headers.php on line 8
[13-Sep-2026 15:57:59 UTC] PHP Warning:  Cannot modify header information - headers already sent by (output started at /var/www/html/app/bootstrap.php:1) in /var/www/html/app/Security/Headers.php on line 9
[13-Sep-2026 15:57:59 UTC] PHP Warning:  Cannot modify header information - headers already sent by (output started at /var/www/html/app/bootstrap.php:1) in /var/www/html/app/Security/Headers.php on line 10
[13-Sep-2026 15:57:59 UTC] PHP Warning:  Cannot modify header information - headers already sent by (output started at /var/www/html/app/bootstrap.php:1) in /var/www/html/app/Security/Headers.php on line 11
[13-Sep-2026 15:57:59 UTC] PHP Warning:  Cannot modify header information - headers already sent by (output started at /var/www/html/app/bootstrap.php:1) in /var/www/html/app/Security/Headers.php on line 12
[13-Sep-2026 15:57:59 UTC] PHP Warning:  Cannot modify header information - headers already sent by (output started at /var/www/html/app/bootstrap.php:1) in /var/www/html/app/Security/Headers.php on line 14
[13-Sep-2026 15:57:59 UTC] PHP Warning:  session_name(): Session name cannot be changed after headers have already been sent in /var/www/html/app/bootstrap.php on line 29
[13-Sep-2026 15:57:59 UTC] PHP Warning:  session_start(): Session cannot be started after headers have already been sent in /var/www/html/app/bootstrap.php on line 30
[13-Sep-2026 15:57:59 UTC] PHP Warning:  session_start(): Session cannot be started after headers have already been sent in /var/www/html/app/Security/Csrf.php on line 14
[13-Sep-2026 15:58:01 UTC] PHP Warning:  Cannot modify header information - headers already sent by (output started at /var/www/html/public/index.php:1) in /var/www/html/app/Security/Headers.php on line 6
[13-Sep-2026 15:58:01 UTC] PHP Warning:  Cannot modify header information - headers already sent by (output started at /var/www/html/public/index.php:1) in /var/www/html/app/Security/Headers.php on line 7
[13-Sep-2026 15:58:01 UTC] PHP Warning:  Cannot modify header information - headers already sent by (output started at /var/www/html/public/index.php:1) in /var/www/html/app/Security/Headers.php on line 8
[13-Sep-2026 15:58:01 UTC] PHP Warning:  Cannot modify header information - headers already sent by (output started at /var/www/html/public/index.php:1) in /var/www/html/app/Security/Headers.php on line 9
[13-Sep-2026 15:58:01 UTC] PHP Warning:  Cannot modify header information - headers already sent by (output started at /var/www/html/public/index.php:1) in /var/www/html/app/Security/Headers.php on line 10
[13-Sep-2026 15:58:01 UTC] PHP Warning:  Cannot modify header information - headers already sent by (output started at /var/www/html/public/index.php:1) in /var/www/html/app/Security/Headers.php on line 11
[13-Sep-2026 15:58:01 UTC] PHP Warning:  Cannot modify header information - headers already sent by (output started at /var/www/html/public/index.php:1) in /var/www/html/app/Security/Headers.php on line 12
[13-Sep-2026 15:58:01 UTC] PHP Warning:  Cannot modify header information - headers already sent by (output started at /var/www/html/public/index.php:1) in /var/www/html/app/Security/Headers.php on line 14
[13-Sep-2026 15:58:01 UTC] PHP Warning:  session_name(): Session name cannot be changed after headers have already been sent in /var/www/html/app/bootstrap.php on line 29
[13-Sep-2026 15:58:01 UTC] PHP Warning:  session_start(): Session cannot be started after headers have already been sent in /var/www/html/app/bootstrap.php on line 30
[13-Sep-2026 15:58:01 UTC] PHP Warning:  Cannot modify header information - headers already sent by (output started at /var/www/html/app/bootstrap.php:1) in /var/www/html/app/Security/Headers.php on line 6
[13-Sep-2026 15:58:01 UTC] PHP Warning:  Cannot modify header information - headers already sent by (output started at /var/www/html/app/bootstrap.php:1) in /var/www/html/app/Security/Headers.php on line 7
[13-Sep-2026 15:58:01 UTC] PHP Warning:  Cannot modify header information - headers already sent by (output started at /var/www/html/app/bootstrap.php:1) in /var/www/html/app/Security/Headers.php on line 8
[13-Sep-2026 15:58:01 UTC] PHP Warning:  Cannot modify header information - headers already sent by (output started at /var/www/html/app/bootstrap.php:1) in /var/www/html/app/Security/Headers.php on line 9
[13-Sep-2026 15:58:01 UTC] PHP Warning:  Cannot modify header information - headers already sent by (output started at /var/www/html/app/bootstrap.php:1) in /var/www/html/app/Security/Headers.php on line 10
[13-Sep-2026 15:58:01 UTC] PHP Warning:  Cannot modify header information - headers already sent by (output started at /var/www/html/app/bootstrap.php:1) in /var/www/html/app/Security/Headers.php on line 11
[13-Sep-2026 15:58:01 UTC] PHP Warning:  Cannot modify header information - headers already sent by (output started at /var/www/html/app/bootstrap.php:1) in /var/www/html/app/Security/Headers.php on line 12
[13-Sep-2026 15:58:01 UTC] PHP Warning:  Cannot modify header information - headers already sent by (output started at /var/www/html/app/bootstrap.php:1) in /var/www/html/app/Security/Headers.php on line 14
[13-Sep-2026 15:58:01 UTC] PHP Warning:  session_name(): Session name cannot be changed after headers have already been sent in /var/www/html/app/bootstrap.php on line 29
[13-Sep-2026 15:58:01 UTC] PHP Warning:  session_start(): Session cannot be started after headers have already been sent in /var/www/html/app/bootstrap.php on line 30
[13-Sep-2026 15:58:01 UTC] PHP Warning:  Cannot modify header information - headers already sent by (output started at /var/www/html/app/bootstrap.php:1) in /var/www/html/app/Security/Headers.php on line 6
[13-Sep-2026 15:58:01 UTC] PHP Warning:  Cannot modify header information - headers already sent by (output started at /var/www/html/app/bootstrap.php:1) in /var/www/html/app/Security/Headers.php on line 7
[13-Sep-2026 15:58:01 UTC] PHP Warning:  Cannot modify header information - headers already sent by (output started at /var/www/html/app/bootstrap.php:1) in /var/www/html/app/Security/Headers.php on line 8
[13-Sep-2026 15:58:01 UTC] PHP Warning:  Cannot modify header information - headers already sent by (output started at /var/www/html/app/bootstrap.php:1) in /var/www/html/app/Security/Headers.php on line 9
[13-Sep-2026 15:58:01 UTC] PHP Warning:  Cannot modify header information - headers already sent by (output started at /var/www/html/app/bootstrap.php:1) in /var/www/html/app/Security/Headers.php on line 10
[13-Sep-2026 15:58:01 UTC] PHP Warning:  Cannot modify header information - headers already sent by (output started at /var/www/html/app/bootstrap.php:1) in /var/www/html/app/Security/Headers.php on line 11
[13-Sep-2026 15:58:01 UTC] PHP Warning:  Cannot modify header information - headers already sent by (output started at /var/www/html/app/bootstrap.php:1) in /var/www/html/app/Security/Headers.php on line 12
[13-Sep-2026 15:58:01 UTC] PHP Warning:  Cannot modify header information - headers already sent by (output started at /var/www/html/app/bootstrap.php:1) in /var/www/html/app/Security/Headers.php on line 14
[13-Sep-2026 15:58:01 UTC] PHP Warning:  Cannot modify header information - headers already sent by (output started at /var/www/html/app/bootstrap.php:1) in /var/www/html/public/api.php on line 5
[13-Sep-2026 15:58:01 UTC] PHP Warning:  Cannot modify header information - headers already sent by (output started at /var/www/html/public/index.php:1) in /var/www/html/app/Security/Headers.php on line 6
[13-Sep-2026 15:58:01 UTC] PHP Warning:  Cannot modify header information - headers already sent by (output started at /var/www/html/public/index.php:1) in /var/www/html/app/Security/Headers.php on line 7
[13-Sep-2026 15:58:01 UTC] PHP Warning:  Cannot modify header information - headers already sent by (output started at /var/www/html/public/index.php:1) in /var/www/html/app/Security/Headers.php on line 8
[13-Sep-2026 15:58:01 UTC] PHP Warning:  Cannot modify header information - headers already sent by (output started at /var/www/html/public/index.php:1) in /var/www/html/app/Security/Headers.php on line 9
[13-Sep-2026 15:58:01 UTC] PHP Warning:  Cannot modify header information - headers already sent by (output started at /var/www/html/public/index.php:1) in /var/www/html/app/Security/Headers.php on line 10
[13-Sep-2026 15:58:01 UTC] PHP Warning:  Cannot modify header information - headers already sent by (output started at /var/www/html/public/index.php:1) in /var/www/html/app/Security/Headers.php on line 11
[13-Sep-2026 15:58:01 UTC] PHP Warning:  Cannot modify header information - headers already sent by (output started at /var/www/html/public/index.php:1) in /var/www/html/app/Security/Headers.php on line 12
[13-Sep-2026 15:58:01 UTC] PHP Warning:  Cannot modify header information - headers already sent by (output started at /var/www/html/public/index.php:1) in /var/www/html/app/Security/Headers.php on line 14
[13-Sep-2026 15:58:02 UTC] PHP Warning:  session_name(): Session name cannot be changed after headers have already been sent in /var/www/html/app/bootstrap.php on line 29
[13-Sep-2026 15:58:02 UTC] PHP Warning:  session_start(): Session cannot be started after headers have already been sent in /var/www/html/app/bootstrap.php on line 30
[13-Sep-2026 15:58:02 UTC] PHP Warning:  Cannot modify header information - headers already sent by (output started at /var/www/html/app/bootstrap.php:1) in /var/www/html/app/Security/Headers.php on line 6
[13-Sep-2026 15:58:02 UTC] PHP Warning:  Cannot modify header information - headers already sent by (output started at /var/www/html/app/bootstrap.php:1) in /var/www/html/app/Security/Headers.php on line 7
[13-Sep-2026 15:58:02 UTC] PHP Warning:  Cannot modify header information - headers already sent by (output started at /var/www/html/app/bootstrap.php:1) in /var/www/html/app/Security/Headers.php on line 8
[13-Sep-2026 15:58:02 UTC] PHP Warning:  Cannot modify header information - headers already sent by (output started at /var/www/html/app/bootstrap.php:1) in /var/www/html/app/Security/Headers.php on line 9
[13-Sep-2026 15:58:02 UTC] PHP Warning:  Cannot modify header information - headers already sent by (output started at /var/www/html/app/bootstrap.php:1) in /var/www/html/app/Security/Headers.php on line 10
[13-Sep-2026 15:58:02 UTC] PHP Warning:  Cannot modify header information - headers already sent by (output started at /var/www/html/app/bootstrap.php:1) in /var/www/html/app/Security/Headers.php on line 11
[13-Sep-2026 15:58:02 UTC] PHP Warning:  Cannot modify header information - headers already sent by (output started at /var/www/html/app/bootstrap.php:1) in /var/www/html/app/Security/Headers.php on line 12
[13-Sep-2026 15:58:02 UTC] PHP Warning:  Cannot modify header information - headers already sent by (output started at /var/www/html/app/bootstrap.php:1) in /var/www/html/app/Security/Headers.php on line 14
[13-Sep-2026 15:58:02 UTC] PHP Warning:  session_name(): Session name cannot be changed after headers have already been sent in /var/www/html/app/bootstrap.php on line 29
[13-Sep-2026 15:58:02 UTC] PHP Warning:  session_start(): Session cannot be started after headers have already been sent in /var/www/html/app/bootstrap.php on line 30
[13-Sep-2026 15:58:02 UTC] PHP Warning:  Cannot modify header information - headers already sent by (output started at /var/www/html/app/bootstrap.php:1) in /var/www/html/app/Security/Headers.php on line 6
[13-Sep-2026 15:58:02 UTC] PHP Warning:  Cannot modify header information - headers already sent by (output started at /var/www/html/app/bootstrap.php:1) in /var/www/html/app/Security/Headers.php on line 7
[13-Sep-2026 15:58:02 UTC] PHP Warning:  Cannot modify header information - headers already sent by (output started at /var/www/html/app/bootstrap.php:1) in /var/www/html/app/Security/Headers.php on line 8
[13-Sep-2026 15:58:02 UTC] PHP Warning:  Cannot modify header information - headers already sent by (output started at /var/www/html/app/bootstrap.php:1) in /var/www/html/app/Security/Headers.php on line 9
[13-Sep-2026 15:58:02 UTC] PHP Warning:  Cannot modify header information - headers already sent by (output started at /var/www/html/app/bootstrap.php:1) in /var/www/html/app/Security/Headers.php on line 10
[13-Sep-2026 15:58:02 UTC] PHP Warning:  Cannot modify header information - headers already sent by (output started at /var/www/html/app/bootstrap.php:1) in /var/www/html/app/Security/Headers.php on line 11
[13-Sep-2026 15:58:02 UTC] PHP Warning:  Cannot modify header information - headers already sent by (output started at /var/www/html/app/bootstrap.php:1) in /var/www/html/app/Security/Headers.php on line 12
[13-Sep-2026 15:58:02 UTC] PHP Warning:  Cannot modify header information - headers already sent by (output started at /var/www/html/app/bootstrap.php:1) in /var/www/html/app/Security/Headers.php on line 14
[13-Sep-2026 15:58:02 UTC] PHP Warning:  Cannot modify header information - headers already sent by (output started at /var/www/html/app/bootstrap.php:1) in /var/www/html/public/api.php on line 5
[13-Sep-2026 15:58:04 UTC] PHP Warning:  Cannot modify header information - headers already sent by (output started at /var/www/html/app/bootstrap.php:1) in /var/www/html/app/Security/Headers.php on line 6
[13-Sep-2026 15:58:04 UTC] PHP Warning:  Cannot modify header information - headers already sent by (output started at /var/www/html/app/bootstrap.php:1) in /var/www/html/app/Security/Headers.php on line 7
[13-Sep-2026 15:58:04 UTC] PHP Warning:  Cannot modify header information - headers already sent by (output started at /var/www/html/app/bootstrap.php:1) in /var/www/html/app/Security/Headers.php on line 8
[13-Sep-2026 15:58:04 UTC] PHP Warning:  Cannot modify header information - headers already sent by (output started at /var/www/html/app/bootstrap.php:1) in /var/www/html/app/Security/Headers.php on line 9
[13-Sep-2026 15:58:04 UTC] PHP Warning:  Cannot modify header information - headers already sent by (output started at /var/www/html/app/bootstrap.php:1) in /var/www/html/app/Security/Headers.php on line 10
[13-Sep-2026 15:58:04 UTC] PHP Warning:  Cannot modify header information - headers already sent by (output started at /var/www/html/app/bootstrap.php:1) in /var/www/html/app/Security/Headers.php on line 11
[13-Sep-2026 15:58:04 UTC] PHP Warning:  Cannot modify header information - headers already sent by (output started at /var/www/html/app/bootstrap.php:1) in /var/www/html/app/Security/Headers.php on line 12
[13-Sep-2026 15:58:04 UTC] PHP Warning:  Cannot modify header information - headers already sent by (output started at /var/www/html/app/bootstrap.php:1) in /var/www/html/app/Security/Headers.php on line 14
[13-Sep-2026 15:58:04 UTC] PHP Warning:  session_name(): Session name cannot be changed after headers have already been sent in /var/www/html/app/bootstrap.php on line 29
[13-Sep-2026 15:58:04 UTC] PHP Warning:  session_start(): Session cannot be started after headers have already been sent in /var/www/html/app/bootstrap.php on line 30
[13-Sep-2026 15:58:04 UTC] PHP Warning:  session_start(): Session cannot be started after headers have already been sent in /var/www/html/app/Security/Csrf.php on line 6
[13-Sep-2026 15:58:09 UTC] PHP Warning:  Cannot modify header information - headers already sent by (output started at /var/www/html/app/bootstrap.php:1) in /var/www/html/app/Security/Headers.php on line 6
[13-Sep-2026 15:58:09 UTC] PHP Warning:  Cannot modify header information - headers already sent by (output started at /var/www/html/app/bootstrap.php:1) in /var/www/html/app/Security/Headers.php on line 7
[13-Sep-2026 15:58:09 UTC] PHP Warning:  Cannot modify header information - headers already sent by (output started at /var/www/html/app/bootstrap.php:1) in /var/www/html/app/Security/Headers.php on line 8
[13-Sep-2026 15:58:09 UTC] PHP Warning:  Cannot modify header information - headers already sent by (output started at /var/www/html/app/bootstrap.php:1) in /var/www/html/app/Security/Headers.php on line 9
[13-Sep-2026 15:58:09 UTC] PHP Warning:  Cannot modify header information - headers already sent by (output started at /var/www/html/app/bootstrap.php:1) in /var/www/html/app/Security/Headers.php on line 10
[13-Sep-2026 15:58:09 UTC] PHP Warning:  Cannot modify header information - headers already sent by (output started at /var/www/html/app/bootstrap.php:1) in /var/www/html/app/Security/Headers.php on line 11
[13-Sep-2026 15:58:09 UTC] PHP Warning:  Cannot modify header information - headers already sent by (output started at /var/www/html/app/bootstrap.php:1) in /var/www/html/app/Security/Headers.php on line 12
[13-Sep-2026 15:58:09 UTC] PHP Warning:  Cannot modify header information - headers already sent by (output started at /var/www/html/app/bootstrap.php:1) in /var/www/html/app/Security/Headers.php on line 14
[13-Sep-2026 15:58:09 UTC] PHP Warning:  session_name(): Session name cannot be changed after headers have already been sent in /var/www/html/app/bootstrap.php on line 29
[13-Sep-2026 15:58:09 UTC] PHP Warning:  session_start(): Session cannot be started after headers have already been sent in /var/www/html/app/bootstrap.php on line 30
[13-Sep-2026 15:58:09 UTC] PHP Warning:  session_start(): Session cannot be started after headers have already been sent in /var/www/html/app/Security/Csrf.php on line 6
[13-Sep-2026 15:58:09 UTC] PHP Warning:  Cannot modify header information - headers already sent by (output started at /var/www/html/app/bootstrap.php:1) in /var/www/html/app/Security/Headers.php on line 6
[13-Sep-2026 15:58:09 UTC] PHP Warning:  Cannot modify header information - headers already sent by (output started at /var/www/html/app/bootstrap.php:1) in /var/www/html/app/Security/Headers.php on line 7
[13-Sep-2026 15:58:09 UTC] PHP Warning:  Cannot modify header information - headers already sent by (output started at /var/www/html/app/bootstrap.php:1) in /var/www/html/app/Security/Headers.php on line 8
[13-Sep-2026 15:58:09 UTC] PHP Warning:  Cannot modify header information - headers already sent by (output started at /var/www/html/app/bootstrap.php:1) in /var/www/html/app/Security/Headers.php on line 9
[13-Sep-2026 15:58:09 UTC] PHP Warning:  Cannot modify header information - headers already sent by (output started at /var/www/html/app/bootstrap.php:1) in /var/www/html/app/Security/Headers.php on line 10
[13-Sep-2026 15:58:09 UTC] PHP Warning:  Cannot modify header information - headers already sent by (output started at /var/www/html/app/bootstrap.php:1) in /var/www/html/app/Security/Headers.php on line 11
[13-Sep-2026 15:58:09 UTC] PHP Warning:  Cannot modify header information - headers already sent by (output started at /var/www/html/app/bootstrap.php:1) in /var/www/html/app/Security/Headers.php on line 12
[13-Sep-2026 15:58:09 UTC] PHP Warning:  Cannot modify header information - headers already sent by (output started at /var/www/html/app/bootstrap.php:1) in /var/www/html/app/Security/Headers.php on line 14
[13-Sep-2026 15:58:09 UTC] PHP Warning:  session_name(): Session name cannot be changed after headers have already been sent in /var/www/html/app/bootstrap.php on line 29
[13-Sep-2026 15:58:10 UTC] PHP Warning:  session_start(): Session cannot be started after headers have already been sent in /var/www/html/app/bootstrap.php on line 30
[13-Sep-2026 15:58:10 UTC] PHP Warning:  session_start(): Session cannot be started after headers have already been sent in /var/www/html/app/Security/Csrf.php on line 6
[13-Sep-2026 15:58:10 UTC] PHP Warning:  Cannot modify header information - headers already sent by (output started at /var/www/html/app/bootstrap.php:1) in /var/www/html/app/Security/Headers.php on line 6
[13-Sep-2026 15:58:10 UTC] PHP Warning:  Cannot modify header information - headers already sent by (output started at /var/www/html/app/bootstrap.php:1) in /var/www/html/app/Security/Headers.php on line 7
[13-Sep-2026 15:58:10 UTC] PHP Warning:  Cannot modify header information - headers already sent by (output started at /var/www/html/app/bootstrap.php:1) in /var/www/html/app/Security/Headers.php on line 8
[13-Sep-2026 15:58:10 UTC] PHP Warning:  Cannot modify header information - headers already sent by (output started at /var/www/html/app/bootstrap.php:1) in /var/www/html/app/Security/Headers.php on line 9
[13-Sep-2026 15:58:10 UTC] PHP Warning:  Cannot modify header information - headers already sent by (output started at /var/www/html/app/bootstrap.php:1) in /var/www/html/app/Security/Headers.php on line 10
[13-Sep-2026 15:58:10 UTC] PHP Warning:  Cannot modify header information - headers already sent by (output started at /var/www/html/app/bootstrap.php:1) in /var/www/html/app/Security/Headers.php on line 11
[13-Sep-2026 15:58:10 UTC] PHP Warning:  Cannot modify header information - headers already sent by (output started at /var/www/html/app/bootstrap.php:1) in /var/www/html/app/Security/Headers.php on line 12
[13-Sep-2026 15:58:10 UTC] PHP Warning:  Cannot modify header information - headers already sent by (output started at /var/www/html/app/bootstrap.php:1) in /var/www/html/app/Security/Headers.php on line 14
[13-Sep-2026 15:58:10 UTC] PHP Warning:  session_name(): Session name cannot be changed after headers have already been sent in /var/www/html/app/bootstrap.php on line 29
[13-Sep-2026 15:58:10 UTC] PHP Warning:  session_start(): Session cannot be started after headers have already been sent in /var/www/html/app/bootstrap.php on line 30
[13-Sep-2026 15:58:10 UTC] PHP Warning:  session_start(): Session cannot be started after headers have already been sent in /var/www/html/app/Security/Csrf.php on line 6
[13-Sep-2026 15:58:13 UTC] PHP Warning:  Cannot modify header information - headers already sent by (output started at /var/www/html/app/bootstrap.php:1) in /var/www/html/app/Security/Headers.php on line 6
[13-Sep-2026 15:58:13 UTC] PHP Warning:  Cannot modify header information - headers already sent by (output started at /var/www/html/app/bootstrap.php:1) in /var/www/html/app/Security/Headers.php on line 7
[13-Sep-2026 15:58:13 UTC] PHP Warning:  Cannot modify header information - headers already sent by (output started at /var/www/html/app/bootstrap.php:1) in /var/www/html/app/Security/Headers.php on line 8
[13-Sep-2026 15:58:13 UTC] PHP Warning:  Cannot modify header information - headers already sent by (output started at /var/www/html/app/bootstrap.php:1) in /var/www/html/app/Security/Headers.php on line 9
[13-Sep-2026 15:58:13 UTC] PHP Warning:  Cannot modify header information - headers already sent by (output started at /var/www/html/app/bootstrap.php:1) in /var/www/html/app/Security/Headers.php on line 10
[13-Sep-2026 15:58:13 UTC] PHP Warning:  Cannot modify header information - headers already sent by (output started at /var/www/html/app/bootstrap.php:1) in /var/www/html/app/Security/Headers.php on line 11
[13-Sep-2026 15:58:13 UTC] PHP Warning:  Cannot modify header information - headers already sent by (output started at /var/www/html/app/bootstrap.php:1) in /var/www/html/app/Security/Headers.php on line 12
[13-Sep-2026 15:58:13 UTC] PHP Warning:  Cannot modify header information - headers already sent by (output started at /var/www/html/app/bootstrap.php:1) in /var/www/html/app/Security/Headers.php on line 14
[13-Sep-2026 15:58:13 UTC] PHP Warning:  session_name(): Session name cannot be changed after headers have already been sent in /var/www/html/app/bootstrap.php on line 29
[13-Sep-2026 15:58:13 UTC] PHP Warning:  session_start(): Session cannot be started after headers have already been sent in /var/www/html/app/bootstrap.php on line 30
[13-Sep-2026 15:58:13 UTC] PHP Warning:  session_start(): Session cannot be started after headers have already been sent in /var/www/html/app/Security/Csrf.php on line 6
[13-Sep-2026 15:58:13 UTC] PHP Warning:  Cannot modify header information - headers already sent by (output started at /var/www/html/app/bootstrap.php:1) in /var/www/html/app/Security/Headers.php on line 6
[13-Sep-2026 15:58:13 UTC] PHP Warning:  Cannot modify header information - headers already sent by (output started at /var/www/html/app/bootstrap.php:1) in /var/www/html/app/Security/Headers.php on line 7
[13-Sep-2026 15:58:13 UTC] PHP Warning:  Cannot modify header information - headers already sent by (output started at /var/www/html/app/bootstrap.php:1) in /var/www/html/app/Security/Headers.php on line 8
[13-Sep-2026 15:58:13 UTC] PHP Warning:  Cannot modify header information - headers already sent by (output started at /var/www/html/app/bootstrap.php:1) in /var/www/html/app/Security/Headers.php on line 9
[13-Sep-2026 15:58:13 UTC] PHP Warning:  Cannot modify header information - headers already sent by (output started at /var/www/html/app/bootstrap.php:1) in /var/www/html/app/Security/Headers.php on line 10
[13-Sep-2026 15:58:13 UTC] PHP Warning:  Cannot modify header information - headers already sent by (output started at /var/www/html/app/bootstrap.php:1) in /var/www/html/app/Security/Headers.php on line 11
[13-Sep-2026 15:58:13 UTC] PHP Warning:  Cannot modify header information - headers already sent by (output started at /var/www/html/app/bootstrap.php:1) in /var/www/html/app/Security/Headers.php on line 12
[13-Sep-2026 15:58:13 UTC] PHP Warning:  Cannot modify header information - headers already sent by (output started at /var/www/html/app/bootstrap.php:1) in /var/www/html/app/Security/Headers.php on line 14
[13-Sep-2026 15:58:13 UTC] PHP Warning:  session_name(): Session name cannot be changed after headers have already been sent in /var/www/html/app/bootstrap.php on line 29
[13-Sep-2026 15:58:13 UTC] PHP Warning:  session_start(): Session cannot be started after headers have already been sent in /var/www/html/app/bootstrap.php on line 30
[13-Sep-2026 15:58:13 UTC] PHP Warning:  session_start(): Session cannot be started after headers have already been sent in /var/www/html/app/Security/Csrf.php on line 6
[13-Sep-2026 15:58:13 UTC] PHP Warning:  Cannot modify header information - headers already sent by (output started at /var/www/html/app/bootstrap.php:1) in /var/www/html/app/Security/Headers.php on line 6
[13-Sep-2026 15:58:13 UTC] PHP Warning:  Cannot modify header information - headers already sent by (output started at /var/www/html/app/bootstrap.php:1) in /var/www/html/app/Security/Headers.php on line 7
[13-Sep-2026 15:58:13 UTC] PHP Warning:  Cannot modify header information - headers already sent by (output started at /var/www/html/app/bootstrap.php:1) in /var/www/html/app/Security/Headers.php on line 8
[13-Sep-2026 15:58:13 UTC] PHP Warning:  Cannot modify header information - headers already sent by (output started at /var/www/html/app/bootstrap.php:1) in /var/www/html/app/Security/Headers.php on line 9
[13-Sep-2026 15:58:13 UTC] PHP Warning:  Cannot modify header information - headers already sent by (output started at /var/www/html/app/bootstrap.php:1) in /var/www/html/app/Security/Headers.php on line 10
[13-Sep-2026 15:58:13 UTC] PHP Warning:  Cannot modify header information - headers already sent by (output started at /var/www/html/app/bootstrap.php:1) in /var/www/html/app/Security/Headers.php on line 11
[13-Sep-2026 15:58:13 UTC] PHP Warning:  Cannot modify header information - headers already sent by (output started at /var/www/html/app/bootstrap.php:1) in /var/www/html/app/Security/Headers.php on line 12
[13-Sep-2026 15:58:13 UTC] PHP Warning:  Cannot modify header information - headers already sent by (output started at /var/www/html/app/bootstrap.php:1) in /var/www/html/app/Security/Headers.php on line 14
[13-Sep-2026 15:58:13 UTC] PHP Warning:  session_name(): Session name cannot be changed after headers have already been sent in /var/www/html/app/bootstrap.php on line 29
[13-Sep-2026 15:58:13 UTC] PHP Warning:  session_start(): Session cannot be started after headers have already been sent in /var/www/html/app/bootstrap.php on line 30
[13-Sep-2026 15:58:13 UTC] PHP Warning:  session_start(): Session cannot be started after headers have already been sent in /var/www/html/app/Security/Csrf.php on line 6
[13-Sep-2026 15:58:16 UTC] PHP Warning:  Cannot modify header information - headers already sent by (output started at /var/www/html/app/bootstrap.php:1) in /var/www/html/app/Security/Headers.php on line 6
[13-Sep-2026 15:58:16 UTC] PHP Warning:  Cannot modify header information - headers already sent by (output started at /var/www/html/app/bootstrap.php:1) in /var/www/html/app/Security/Headers.php on line 7
[13-Sep-2026 15:58:16 UTC] PHP Warning:  Cannot modify header information - headers already sent by (output started at /var/www/html/app/bootstrap.php:1) in /var/www/html/app/Security/Headers.php on line 8
[13-Sep-2026 15:58:16 UTC] PHP Warning:  Cannot modify header information - headers already sent by (output started at /var/www/html/app/bootstrap.php:1) in /var/www/html/app/Security/Headers.php on line 9
[13-Sep-2026 15:58:16 UTC] PHP Warning:  Cannot modify header information - headers already sent by (output started at /var/www/html/app/bootstrap.php:1) in /var/www/html/app/Security/Headers.php on line 10
[13-Sep-2026 15:58:16 UTC] PHP Warning:  Cannot modify header information - headers already sent by (output started at /var/www/html/app/bootstrap.php:1) in /var/www/html/app/Security/Headers.php on line 11
[13-Sep-2026 15:58:16 UTC] PHP Warning:  Cannot modify header information - headers already sent by (output started at /var/www/html/app/bootstrap.php:1) in /var/www/html/app/Security/Headers.php on line 12
[13-Sep-2026 15:58:16 UTC] PHP Warning:  Cannot modify header information - headers already sent by (output started at /var/www/html/app/bootstrap.php:1) in /var/www/html/app/Security/Headers.php on line 14
[13-Sep-2026 15:58:16 UTC] PHP Warning:  session_name(): Session name cannot be changed after headers have already been sent in /var/www/html/app/bootstrap.php on line 29
[13-Sep-2026 15:58:16 UTC] PHP Warning:  session_start(): Session cannot be started after headers have already been sent in /var/www/html/app/bootstrap.php on line 30
[13-Sep-2026 15:58:16 UTC] PHP Warning:  session_start(): Session cannot be started after headers have already been sent in /var/www/html/app/Security/Csrf.php on line 14
